"","MM05_Ellume","MM08_Ellume","2F4_GenBody","3C3_GenBody","Ab1_PBMC","Ab2_PBMC","mAb-1_LumiQuick","mAb-2_LumiQuick","C706_Qorvo","C518_BD","C524_BD","C706_BD","N-Ab-3_ANP","MM08_Twist","C706_Twist","5B1_Mologic","5E2_Mologic","C7_AvantGen","F5mod_AvantGen","MM05_Quanterix","R004_Quanterix","3A7_Boston","11B12_Boston","17604_MaximBio","17602_MaximBio","R001_Quidel-Ortho","1A7_Quidel","1C1_Quidel","Ab166_Quidel","R040_Quidel","mAb1_LumiCOVRAT","mAb2_LumiCOVRAT","mAb1_LumiFluCOVHT","mAb2_LumiFluCOVHT","C706_Osang","FPZ_Osang","MAB117_Watmind","mAb4_AzureBiotech","mAb5_AzureBiotech","mAb-OTI-2_OraSure","mAb-OTI-1_OraSure","MAD4904_Roche","mAb22-048-C_Roche","Clone07_Xtrava","Clone09_Xtrava","Fab4-biotin_LumiraDx","Fab5_LumiraDx","Capture_WebbDx","Detector_WebbDx","rSN-25_Siemens","rSN-69_Siemens","rSN-122_Siemens","rSN-327_Siemens","SNS-25_Siemens","MAB115_Watmind","Mab2_Healgen","Mab117_Healgen","Ab063_CorDx","Ab339_CorDx","9_UCSD","Capture_Phase","Labeling_Phase","ND1_NanoDitech","ND2_NanoDitech","BMRnp311_Osang","BMRnp314_Osang","ADK-214_Abbott","N18_Abbott","HA811-36MB_Phase","HA811-37R_Phase","S32213_Sekisui","S32217_Sekisui","Capture_iHealth","Labeling_iHealth","FPZ0639_BD","FPZ0643_BD","mAb-L_ACON","mAb-N_ACON","Mab15_Wondfo","Mab19_Wondfo","R0112_Access","R0113_Access"
"MM05_Ellume",1,0.095,-0.062,-0.021,0.57,-0.016,0.052,0.219,0.162,0.179,0.137,0.157,-0.02,0.095,0.157,0.022,0.082,-0.007,-0.051,1,0.168,0.06,0.056,0.059,0.06,0.104,0.227,-0.005,-0.069,0.006,0.098,0.197,-0.079,0.08,0.157,0.146,0.254,0.1,0.187,0.188,-0.098,-0.032,-0.075,0.043,0.119,0.037,0.376,0.065,0.048,0.059,0.054,0.112,-0.034,-0.047,0.121,0.063,0.209,-0.028,-0.041,0.043,0.192,0.229,-0.023,0.239,0.037,0.084,-0.02,0.163,0.089,0.049,-0.015,0.027,0.114,0.21,0.204,0.226,0.296,-0.073,0.182,0.164,0.196,0.245
"MM08_Ellume",0.095,1,-0.062,0.01,0.107,-0.088,0.024,0.548,0.339,0.353,0.602,0.392,-0.101,1,0.392,-0.013,0.051,-0.019,-0.074,0.095,0.341,0.072,0.042,0.416,0.173,0.085,0.58,-0.053,-0.13,0.037,0.894,0.303,-0.078,0.085,0.392,0.731,0.289,0.022,0.371,0.524,-0.099,-0.126,-0.06,0.216,0.339,0.117,0.068,0.724,0.142,0.241,-0.015,0.291,-0.098,-0.067,0.261,0.359,0.23,0.054,0.041,0.161,0.036,0.266,-0.108,0.074,0.169,0.008,-0.105,0.483,0.111,0.062,-0.126,-0.105,-0.002,0.086,0.276,0.33,0.253,-0.047,-0.043,0.164,0.097,0.206
"2F4_GenBody",-0.062,-0.062,1,0.208,0.192,0.12,-0.009,-0.096,-0.074,-0.078,-0.136,-0.035,0.026,-0.062,-0.035,0.041,-0.129,0.527,0.159,-0.062,-0.196,0.02,-0.021,-0.112,-0.117,-0.171,-0.142,0.11,0.237,-0.067,-0.083,-0.214,0.376,-0.076,-0.035,-0.113,-0.266,-0.144,-0.204,-0.112,0.217,0.242,0.067,-0.15,-0.117,-0.283,-0.222,-0.16,-0.22,-0.196,-0.223,-0.148,0.027,-0.104,-0.114,0.243,0.013,0.194,0.244,-0.055,-0.158,0.054,0.051,-0.188,-0.018,-0.116,0.592,-0.018,-0.232,-0.227,0.246,-0.065,-0.116,-0.073,-0.227,-0.228,-0.06,0.294,-0.247,-0.177,-0.243,-0.294
"3C3_GenBody",-0.021,0.01,0.208,1,0.2,0.807,0.154,-0.01,0.065,0.076,0.046,0.064,0.683,0.01,0.064,0.309,0.008,0.229,0.418,-0.021,0.019,0.052,0.041,0.011,-0.039,0.055,0.011,0.231,0.409,0.019,0.032,-0.012,0.563,0.07,0.064,0.02,-0.065,-0.085,-0.004,-0.036,0.196,0.029,0.311,-0.03,0.047,-0.038,-0.097,-0.02,-0.063,-0.039,-0.033,0.012,0.399,-0.027,-0.029,0.147,0.079,0.254,0.459,0.069,-0.064,0.061,0.597,0.035,0.005,-0.068,0.166,0.079,-0.069,-0.095,0.096,0.219,-0.061,0.022,0.014,0.043,0.024,0.633,0.019,-0.01,0.035,-0.008
"Ab1_PBMC",0.57,0.107,0.192,0.2,1,0.052,0.105,0.14,0.167,0.197,0.079,0.194,0.077,0.107,0.194,-0.02,-0.024,0.127,0.05,0.57,0.057,0.073,0.045,0.044,0.014,-0.001,0.109,-0.049,0.005,-0.023,0.081,0.069,0.082,0.048,0.194,0.09,0.114,-0.083,-0.004,0.061,-0.005,-0.04,-0.041,0.049,0.097,-0.105,0.099,0.006,-0.081,-0.021,-0.153,0.039,-0.022,-0.089,0.101,0.244,0.213,0.123,0.138,0.195,0.101,0.249,0.069,0.149,0.051,-0.06,0.102,0.174,-0.024,-0.1,0.008,-0.047,0.022,0.114,0.029,0.066,0.246,0.141,0.014,0.058,0.066,0.062
"Ab2_PBMC",-0.016,-0.088,0.12,0.807,0.052,1,0.258,-0.058,-0.009,-0.01,0.003,-0.061,0.699,-0.088,-0.061,0.493,0.106,0.243,0.516,-0.016,0.028,0.047,0.064,-0.063,-0.113,0.09,-0.021,0.387,0.513,0.013,-0.057,-0.017,0.631,0.101,-0.061,-0.054,-0.042,0.043,0.08,-0.107,0.235,0.024,0.345,-0.116,-0.074,-0.053,-0.026,-0.067,-0.093,-0.065,0.039,-0.02,0.555,0.036,-0.094,-0.056,-0.002,0.267,0.43,-0.037,-0.047,-0.086,0.594,0.015,-0.011,0.011,0.111,-0.052,0.032,0.014,0.128,0.382,-0.051,-0.014,0.12,0.075,-0.083,0.568,0.142,0.008,0.06,-0.007
"mAb-1_LumiQuick",0.052,0.024,-0.009,0.154,0.105,0.258,1,0.129,0.132,0.115,0.108,0.072,0.138,0.024,0.072,0.466,0.215,0.182,0.373,0.052,0.32,0.249,0.314,0.049,0.036,0.038,0.182,0.5,0.377,0.047,0.013,0.266,0.298,0.185,0.072,0.086,0.118,0.24,0.237,0.026,0.148,-0.017,0.228,-0.003,-0.013,-0.021,0.048,0.02,0.026,0.027,0.052,0.102,0.367,-0.019,0.098,-0.026,0.038,0.037,0.243,-0.088,-0.027,-0.002,0.053,-0.007,0.033,0.104,0.036,-0.015,0.174,0.23,0.038,0.388,0.018,0.126,0.272,0.173,-0.002,0.051,0.157,0.035,0.026,0.104
"mAb-2_LumiQuick",0.219,0.548,-0.096,-0.01,0.14,-0.058,0.129,1,0.466,0.497,0.633,0.522,-0.051,0.548,0.522,0.076,0.123,-0.054,-0.064,0.219,0.476,0.185,0.145,0.373,0.235,0.081,0.563,0.036,-0.097,0.012,0.465,0.482,-0.052,0.142,0.522,0.478,0.365,0.135,0.525,0.5,-0.034,-0.083,-0.017,0.275,0.383,0.246,0.227,0.491,0.255,0.347,0.109,0.392,-0.044,0.016,0.33,0.326,0.298,0.076,0.04,0.155,0.186,0.302,-0.079,0.218,0.177,0.075,-0.132,0.37,0.18,0.103,-0.083,-0.019,0.076,0.189,0.359,0.394,0.348,-0.058,0.1,0.24,0.173,0.315
"C706_Qorvo",0.162,0.339,-0.074,0.065,0.167,-0.009,0.132,0.466,1,0.43,0.405,0.767,-0.002,0.339,0.767,0.122,0.11,0.011,-0.009,0.162,0.409,0.175,0.159,0.227,0.782,0.052,0.394,0.069,-0.043,0.015,0.266,0.359,-0.009,0.121,0.767,0.348,0.253,0.126,0.363,0.311,-0.015,-0.087,0.018,0.429,0.277,0.192,0.177,0.329,0.511,0.294,0.059,0.322,0.001,-0.028,0.361,0.266,0.272,0.086,0.078,0.156,0.272,0.266,-0.048,0.129,0.06,0.028,-0.094,0.201,0.109,0.522,-0.083,0.035,0.33,0.181,0.193,0.207,0.235,0.005,0.174,0.135,0.212,0.223
"C518_BD",0.179,0.353,-0.078,0.076,0.197,-0.01,0.115,0.497,0.43,1,0.462,0.706,-0.015,0.353,0.706,0.045,0.084,-0.046,-0.06,0.179,0.596,0.134,0.116,0.291,0.207,0.224,0.478,-0.021,-0.139,0.042,0.296,0.645,-0.08,0.127,0.706,0.425,0.506,0.067,0.365,0.289,-0.113,-0.116,-0.048,0.217,0.242,0.272,0.04,0.289,0.088,0.483,0.018,0.201,-0.075,-0.044,0.481,0.36,0.306,0.07,0.098,0.257,0.104,0.276,-0.074,0.142,0.101,0.426,-0.134,0.353,0.17,0.078,-0.096,-0.034,0.155,0.231,0.294,0.345,0.32,-0.058,0.058,0.532,0.194,0.424
"C524_BD",0.137,0.602,-0.136,0.046,0.079,0.003,0.108,0.633,0.405,0.462,1,0.474,-0.041,0.602,0.474,0.082,0.131,-0.001,-0.043,0.137,0.437,0.103,0.085,0.626,0.133,0.131,0.569,0.042,-0.108,0.028,0.597,0.419,-0.081,0.133,0.474,0.657,0.367,0.117,0.515,0.49,-0.075,-0.095,-0.037,0.234,0.422,0.196,0.148,0.592,0.169,0.323,0.102,0.36,-0.026,-0.002,0.342,0.339,0.321,0.059,0.044,0.154,0.107,0.29,-0.082,0.198,0.149,0.088,-0.134,0.478,0.158,0.128,-0.093,-0.022,0.046,0.254,0.423,0.447,0.331,-0.066,0.071,0.281,0.195,0.37
"C706_BD",0.157,0.392,-0.035,0.064,0.194,-0.061,0.072,0.522,0.767,0.706,0.474,1,-0.055,0.392,1,0.013,0.074,-0.021,-0.038,0.157,0.475,0.196,0.161,0.299,0.606,0.118,0.432,0.017,-0.1,0.048,0.312,0.483,-0.048,0.143,1,0.382,0.42,0.034,0.325,0.372,-0.066,-0.102,-0.017,0.385,0.317,0.261,0.101,0.342,0.379,0.446,0.046,0.298,-0.077,-0.037,0.389,0.389,0.331,0.13,0.121,0.239,0.247,0.322,-0.05,0.175,0.092,0.202,-0.077,0.309,0.147,0.253,-0.112,-0.056,0.262,0.179,0.181,0.245,0.31,0.018,0.121,0.357,0.245,0.302
"N-Ab-3_ANP",-0.02,-0.101,0.026,0.683,0.077,0.699,0.138,-0.051,-0.002,-0.015,-0.041,-0.055,1,-0.101,-0.055,0.379,0.028,0.097,0.389,-0.02,-0.004,0.04,0.038,-0.065,-0.082,0.015,-0.041,0.225,0.545,-0.016,-0.069,-0.028,0.557,0.045,-0.055,-0.084,-0.042,-0.036,-0.004,-0.094,0.281,0.03,0.479,-0.101,-0.088,-0.061,-0.075,-0.09,-0.069,-0.091,-0.034,-0.052,0.428,-0.054,-0.09,0.001,-0.003,0.256,0.433,0.096,-0.054,-0.055,0.849,-0.02,-0.022,-0.007,0.04,-0.051,-0.024,-0.005,0.097,0.464,-0.065,-0.035,0.044,0.021,-0.061,0.763,0.065,-0.026,0.022,-0.027
"MM08_Twist",0.095,1,-0.062,0.01,0.107,-0.088,0.024,0.548,0.339,0.353,0.602,0.392,-0.101,1,0.392,-0.013,0.051,-0.019,-0.074,0.095,0.341,0.072,0.042,0.416,0.173,0.085,0.58,-0.053,-0.13,0.037,0.894,0.303,-0.078,0.085,0.392,0.731,0.289,0.022,0.371,0.524,-0.099,-0.126,-0.06,0.216,0.339,0.117,0.068,0.724,0.142,0.241,-0.015,0.291,-0.098,-0.067,0.261,0.359,0.23,0.054,0.041,0.161,0.036,0.266,-0.108,0.074,0.169,0.008,-0.105,0.483,0.111,0.062,-0.126,-0.105,-0.002,0.086,0.276,0.33,0.253,-0.047,-0.043,0.164,0.097,0.206
"C706_Twist",0.157,0.392,-0.035,0.064,0.194,-0.061,0.072,0.522,0.767,0.706,0.474,1,-0.055,0.392,1,0.013,0.074,-0.021,-0.038,0.157,0.475,0.196,0.161,0.299,0.606,0.118,0.432,0.017,-0.1,0.048,0.312,0.483,-0.048,0.143,1,0.382,0.42,0.034,0.325,0.372,-0.066,-0.102,-0.017,0.385,0.317,0.261,0.101,0.342,0.379,0.446,0.046,0.298,-0.077,-0.037,0.389,0.389,0.331,0.13,0.121,0.239,0.247,0.322,-0.05,0.175,0.092,0.202,-0.077,0.309,0.147,0.253,-0.112,-0.056,0.262,0.179,0.181,0.245,0.31,0.018,0.121,0.357,0.245,0.302
"5B1_Mologic",0.022,-0.013,0.041,0.309,-0.02,0.493,0.466,0.076,0.122,0.045,0.082,0.013,0.379,-0.013,0.013,1,0.214,0.354,0.375,0.022,0.405,0.336,0.395,0.058,0.044,-0.027,0.232,0.653,0.577,0.02,0.005,0.31,0.57,0.124,0.013,0.119,0.129,0.327,0.4,-0.012,0.39,0.071,0.442,-0.089,-0.044,0.006,0.102,0.047,0.04,-0.041,0.093,0.127,0.549,0.02,0.12,-0.083,-0.017,0.151,0.26,-0.104,-0.074,-0.004,0.269,-0.06,0.063,0.162,0.071,-0.038,0.21,0.316,0.124,0.614,0.013,0.168,0.346,0.195,0.009,0.277,0.189,0.02,-0.035,0.083
"5E2_Mologic",0.082,0.051,-0.129,0.008,-0.024,0.106,0.215,0.123,0.11,0.084,0.131,0.074,0.028,0.051,0.074,0.214,1,0.042,0.016,0.082,0.227,0.115,0.12,0.049,0.02,0.098,0.13,0.149,0.049,0.035,0.043,0.202,0.042,0.919,0.074,0.113,0.187,0.202,0.234,0.058,-0.011,-0.022,0.036,-0.013,-0.006,0.099,0.102,0.051,0.038,0.108,0.215,0.129,0.116,0.062,0.101,-0.077,0.035,0.057,-0.045,0.007,0.138,0.002,0.003,0.154,0.019,0.083,-0.042,0.011,0.181,0.172,0.024,0.17,0.072,0.125,0.274,0.233,0.073,-0.099,0.259,0.152,0.191,0.227
"C7_AvantGen",-0.007,-0.019,0.527,0.229,0.127,0.243,0.182,-0.054,0.011,-0.046,-0.001,-0.021,0.097,-0.019,-0.021,0.354,0.042,1,0.214,-0.007,0.07,0.152,0.164,-0.045,-0.08,-0.1,0.019,0.338,0.302,-0.038,-0.009,0.016,0.347,0.027,-0.021,0.004,-0.059,0.06,0.079,-0.065,0.254,0.055,0.111,-0.136,-0.076,-0.103,-0.01,-0.044,-0.046,-0.12,-0.041,-0.016,0.21,0.074,-0.029,0.057,0.059,0.131,0.117,-0.065,-0.022,0.048,0.128,-0.011,0.037,0.018,0.543,0.029,-0.041,0.005,0.119,0.177,-0.025,0.045,0.079,0.021,0.007,0.201,0.059,-0.015,-0.046,-0.086
"F5mod_AvantGen",-0.051,-0.074,0.159,0.418,0.05,0.516,0.373,-0.064,-0.009,-0.06,-0.043,-0.038,0.389,-0.074,-0.038,0.375,0.016,0.214,1,-0.051,-0.043,0.068,0.077,-0.091,-0.096,-0.101,-0.063,0.646,0.725,-0.053,-0.086,-0.08,0.665,0.001,-0.038,-0.089,-0.148,0.054,0,-0.066,0.262,0.023,0.513,-0.081,-0.073,-0.119,-0.075,-0.071,-0.089,-0.076,-0.063,-0.01,0.683,-0.067,-0.091,0.012,-0.065,0.194,0.678,-0.143,-0.114,-0.037,0.338,-0.09,-0.005,-0.02,0.076,-0.071,-0.047,-0.04,0.041,0.602,-0.071,-0.032,-0.005,-0.057,-0.074,0.455,-0.018,-0.118,-0.096,-0.161
"MM05_Quanterix",1,0.095,-0.062,-0.021,0.57,-0.016,0.052,0.219,0.162,0.179,0.137,0.157,-0.02,0.095,0.157,0.022,0.082,-0.007,-0.051,1,0.168,0.06,0.056,0.059,0.06,0.104,0.227,-0.005,-0.069,0.006,0.098,0.197,-0.079,0.08,0.157,0.146,0.254,0.1,0.187,0.188,-0.098,-0.032,-0.075,0.043,0.119,0.037,0.376,0.065,0.048,0.059,0.054,0.112,-0.034,-0.047,0.121,0.063,0.209,-0.028,-0.041,0.043,0.192,0.229,-0.023,0.239,0.037,0.084,-0.02,0.163,0.089,0.049,-0.015,0.027,0.114,0.21,0.204,0.226,0.296,-0.073,0.182,0.164,0.196,0.245
"R004_Quanterix",0.168,0.341,-0.196,0.019,0.057,0.028,0.32,0.476,0.409,0.596,0.437,0.475,-0.004,0.341,0.475,0.405,0.227,0.07,-0.043,0.168,1,0.291,0.333,0.343,0.256,0.153,0.644,0.176,-0.05,0.056,0.367,0.921,-0.008,0.203,0.475,0.511,0.626,0.275,0.609,0.307,-0.036,-0.118,-0.042,0.181,0.222,0.424,0.149,0.332,0.134,0.371,0.105,0.354,0.028,-0.003,0.525,0.224,0.254,0.011,-0.012,0.122,0.116,0.249,-0.114,0.142,0.155,0.357,-0.162,0.29,0.261,0.34,-0.109,0.172,0.176,0.366,0.487,0.448,0.323,-0.121,0.139,0.399,0.111,0.456
"3A7_Boston",0.06,0.072,0.02,0.052,0.073,0.047,0.249,0.185,0.175,0.134,0.103,0.196,0.04,0.072,0.196,0.336,0.115,0.152,0.068,0.06,0.291,1,0.841,0.096,0.087,-0.017,0.235,0.283,0.113,0.001,0.082,0.27,0.171,0.11,0.196,0.155,0.194,0.213,0.322,0.134,0.105,-0.051,0.028,0.019,0.051,0.011,0.06,0.112,0.113,0.087,0.035,0.157,0.091,0.016,0.167,0.04,0.067,-0.026,0.006,-0.04,0.055,0.157,0.03,0.094,0.053,0.093,0.051,0.081,0.136,0.17,0.006,0.198,0.103,0.209,0.259,0.186,0.175,0.056,0.182,0.105,0.111,0.162
"11B12_Boston",0.056,0.042,-0.021,0.041,0.045,0.064,0.314,0.145,0.159,0.116,0.085,0.161,0.038,0.042,0.161,0.395,0.12,0.164,0.077,0.056,0.333,0.841,1,0.076,0.069,-0.009,0.234,0.303,0.116,0.012,0.058,0.288,0.151,0.097,0.161,0.141,0.164,0.245,0.305,0.074,0.115,-0.049,0.042,0.008,0.046,0.019,0.097,0.1,0.113,0.069,0.043,0.168,0.115,0.033,0.177,-0.015,0.039,-0.051,-0.018,-0.064,0.01,0.107,0.012,0.028,0.056,0.14,0.035,0.043,0.133,0.207,0.007,0.257,0.1,0.187,0.275,0.173,0.113,0.015,0.172,0.072,0.059,0.137
"17604_MaximBio",0.059,0.416,-0.112,0.011,0.044,-0.063,0.049,0.373,0.227,0.291,0.626,0.299,-0.065,0.416,0.299,0.058,0.049,-0.045,-0.091,0.059,0.343,0.096,0.076,1,0.176,0.099,0.507,-0.013,-0.128,0.017,0.468,0.335,-0.092,0.076,0.299,0.459,0.341,0.004,0.293,0.363,-0.071,-0.073,-0.083,0.212,0.413,0.12,0.059,0.4,0.09,0.201,0.044,0.374,-0.11,-0.024,0.244,0.238,0.201,0.014,-0.008,0.136,0.073,0.374,-0.083,0.125,0.069,0.059,-0.108,0.336,0.109,0.095,-0.102,-0.081,0.031,0.34,0.265,0.3,0.406,-0.055,-0.013,0.225,0.097,0.304
"17602_MaximBio",0.06,0.173,-0.117,-0.039,0.014,-0.113,0.036,0.235,0.782,0.207,0.133,0.606,-0.082,0.173,0.606,0.044,0.02,-0.08,-0.096,0.06,0.256,0.087,0.069,0.176,1,0.006,0.266,-0.029,-0.121,0.023,0.14,0.22,-0.111,0.044,0.606,0.216,0.218,0.04,0.212,0.161,-0.058,-0.056,-0.012,0.362,0.144,0.098,0.066,0.129,0.45,0.156,0.057,0.146,-0.105,-0.08,0.268,0.156,0.099,0.04,-0.005,0.098,0.235,0.153,-0.115,0,0.029,0.012,-0.151,0.068,0.123,0.541,-0.11,-0.052,0.354,0.06,0.05,0.076,0.114,-0.052,0.107,0.035,0.145,0.138
"R001_Quidel-Ortho",0.104,0.085,-0.171,0.055,-0.001,0.09,0.038,0.081,0.052,0.224,0.131,0.118,0.015,0.085,0.118,-0.027,0.098,-0.1,-0.101,0.104,0.153,-0.017,-0.009,0.099,0.006,1,0.113,-0.057,-0.112,0.669,0.123,0.186,-0.198,0.125,0.118,0.142,0.229,-0.014,0.076,-0.044,-0.278,-0.089,-0.129,-0.053,0.023,0.074,0.005,0,-0.022,-0.013,0.21,-0.035,-0.078,-0.003,0.107,-0.098,0.051,-0.065,-0.099,0.164,0.19,-0.017,0.033,0.231,0.078,0.096,-0.024,0.162,0.094,0.105,0.028,-0.017,0.144,0.12,0.253,0.294,0.077,-0.25,0.244,0.28,0.317,0.369
"1A7_Quidel",0.227,0.58,-0.142,0.011,0.109,-0.021,0.182,0.563,0.394,0.478,0.569,0.432,-0.041,0.58,0.432,0.232,0.13,0.019,-0.063,0.227,0.644,0.235,0.234,0.507,0.266,0.113,1,0.092,-0.11,0.05,0.614,0.638,-0.043,0.126,0.432,0.71,0.526,0.178,0.588,0.671,-0.094,-0.121,-0.053,0.213,0.319,0.187,0.109,0.494,0.124,0.266,0.017,0.379,-0.056,-0.04,0.439,0.337,0.22,-0.021,-0.019,0.126,0.112,0.402,-0.104,0.151,0.163,0.173,-0.151,0.599,0.254,0.244,-0.121,0.058,0.114,0.356,0.66,0.668,0.467,-0.081,0.1,0.316,0.178,0.441
"1C1_Quidel",-0.005,-0.053,0.11,0.231,-0.049,0.387,0.5,0.036,0.069,-0.021,0.042,0.017,0.225,-0.053,0.017,0.653,0.149,0.338,0.646,-0.005,0.176,0.283,0.303,-0.013,-0.029,-0.057,0.092,1,0.669,-0.015,-0.041,0.12,0.572,0.107,0.017,0.018,0.005,0.256,0.247,-0.016,0.389,0.074,0.512,-0.067,-0.068,-0.065,0.082,-0.017,0.038,-0.025,0.045,0.109,0.621,0.062,-0.014,-0.064,-0.006,0.201,0.421,-0.137,-0.031,0.003,0.222,0.005,0.033,0.089,0.145,-0.055,0.125,0.16,0.129,0.64,0.009,0.083,0.211,0.106,-0.009,0.271,0.178,0.004,0.005,0.002
"Ab166_Quidel",-0.069,-0.13,0.237,0.409,0.005,0.513,0.377,-0.097,-0.043,-0.139,-0.108,-0.1,0.545,-0.13,-0.1,0.577,0.049,0.302,0.725,-0.069,-0.05,0.113,0.116,-0.128,-0.121,-0.112,-0.11,0.669,1,-0.042,-0.141,-0.093,0.81,0.061,-0.1,-0.139,-0.187,0.048,0.022,-0.125,0.352,0.102,0.729,-0.174,-0.15,-0.141,-0.042,-0.123,-0.069,-0.16,-0.073,-0.061,0.718,0.016,-0.177,-0.008,-0.037,0.279,0.674,-0.094,-0.099,-0.05,0.548,-0.069,-0.028,-0.056,0.245,-0.071,0.006,-0.005,0.183,0.749,-0.071,-0.023,0.034,-0.036,-0.105,0.604,0.076,-0.11,-0.071,-0.167
"R040_Quidel",0.006,0.037,-0.067,0.019,-0.023,0.013,0.047,0.012,0.015,0.042,0.028,0.048,-0.016,0.037,0.048,0.02,0.035,-0.038,-0.053,0.006,0.056,0.001,0.012,0.017,0.023,0.669,0.05,-0.015,-0.042,1,0.036,0.05,-0.056,0.046,0.048,0.029,0.081,0.048,-0.003,0.027,-0.079,-0.041,-0.03,0.05,0.039,0.069,0.03,0.067,0.044,0.006,0.293,0,-0.02,-0.008,-0.003,-0.045,0.022,-0.026,-0.044,0.04,0.064,-0.018,-0.027,0.075,-0.01,-0.001,-0.044,0.031,0.021,0.03,-0.027,-0.016,-0.005,0.003,0.062,0.065,0.001,-0.073,0.05,0.028,0.07,0.06
"mAb1_LumiCOVRAT",0.098,0.894,-0.083,0.032,0.081,-0.057,0.013,0.465,0.266,0.296,0.597,0.312,-0.069,0.894,0.312,0.005,0.043,-0.009,-0.086,0.098,0.367,0.082,0.058,0.468,0.14,0.123,0.614,-0.041,-0.141,0.036,1,0.348,-0.088,0.083,0.312,0.814,0.327,0.008,0.35,0.467,-0.126,-0.122,-0.073,0.145,0.29,0.071,0.029,0.674,0.063,0.182,-0.041,0.282,-0.128,-0.052,0.287,0.377,0.262,0.053,0.029,0.188,0.061,0.316,-0.082,0.132,0.224,0.024,-0.102,0.55,0.115,0.083,-0.122,-0.102,0.01,0.199,0.363,0.424,0.332,-0.049,-0.036,0.235,0.146,0.316
"mAb2_LumiCOVRAT",0.197,0.303,-0.214,-0.012,0.069,-0.017,0.266,0.482,0.359,0.645,0.419,0.483,-0.028,0.303,0.483,0.31,0.202,0.016,-0.08,0.197,0.921,0.27,0.288,0.335,0.22,0.186,0.638,0.12,-0.093,0.05,0.348,1,-0.068,0.2,0.483,0.502,0.669,0.228,0.55,0.325,-0.083,-0.126,-0.047,0.16,0.217,0.423,0.107,0.313,0.108,0.373,0.077,0.315,-0.026,0.023,0.547,0.219,0.234,-0.021,-0.027,0.152,0.139,0.297,-0.111,0.148,0.172,0.381,-0.175,0.314,0.256,0.279,-0.112,0.134,0.198,0.357,0.468,0.455,0.38,-0.14,0.137,0.461,0.136,0.492
"mAb1_LumiFluCOVHT",-0.079,-0.078,0.376,0.563,0.082,0.631,0.298,-0.052,-0.009,-0.08,-0.081,-0.048,0.557,-0.078,-0.048,0.57,0.042,0.347,0.665,-0.079,-0.008,0.171,0.151,-0.092,-0.111,-0.198,-0.043,0.572,0.81,-0.056,-0.088,-0.068,1,0.095,-0.048,-0.064,-0.194,-0.017,0.026,-0.067,0.397,0.11,0.498,-0.177,-0.117,-0.153,-0.11,-0.097,-0.151,-0.138,-0.14,-0.038,0.609,-0.059,-0.087,0.188,0.065,0.405,0.683,-0.038,-0.134,0.055,0.505,-0.105,-0.011,-0.051,0.27,-0.007,-0.078,-0.057,0.179,0.516,-0.102,0.008,0.011,-0.029,-0.033,0.735,-0.032,-0.092,-0.152,-0.182
"mAb2_LumiFluCOVHT",0.08,0.085,-0.076,0.07,0.048,0.101,0.185,0.142,0.121,0.127,0.133,0.143,0.045,0.085,0.143,0.124,0.919,0.027,0.001,0.08,0.203,0.11,0.097,0.076,0.044,0.125,0.126,0.107,0.061,0.046,0.083,0.2,0.095,1,0.143,0.144,0.209,0.113,0.179,0.07,-0.022,-0.012,0.015,-0.026,0.013,0.097,0.071,0.033,0.016,0.129,0.203,0.129,0.09,0.066,0.138,0.087,0.177,0.205,0.064,0.161,0.205,0.108,0.065,0.243,0.043,0.065,0.043,0.138,0.162,0.092,0.063,0.102,0.104,0.156,0.239,0.264,0.157,-0.009,0.251,0.252,0.258,0.305
"C706_Osang",0.157,0.392,-0.035,0.064,0.194,-0.061,0.072,0.522,0.767,0.706,0.474,1,-0.055,0.392,1,0.013,0.074,-0.021,-0.038,0.157,0.475,0.196,0.161,0.299,0.606,0.118,0.432,0.017,-0.1,0.048,0.312,0.483,-0.048,0.143,1,0.382,0.42,0.034,0.325,0.372,-0.066,-0.102,-0.017,0.385,0.317,0.261,0.101,0.342,0.379,0.446,0.046,0.298,-0.077,-0.037,0.389,0.389,0.331,0.13,0.121,0.239,0.247,0.322,-0.05,0.175,0.092,0.202,-0.077,0.309,0.147,0.253,-0.112,-0.056,0.262,0.179,0.181,0.245,0.31,0.018,0.121,0.357,0.245,0.302
"FPZ_Osang",0.146,0.731,-0.113,0.02,0.09,-0.054,0.086,0.478,0.348,0.425,0.657,0.382,-0.084,0.731,0.382,0.119,0.113,0.004,-0.089,0.146,0.511,0.155,0.141,0.459,0.216,0.142,0.71,0.018,-0.139,0.029,0.814,0.502,-0.064,0.144,0.382,1,0.411,0.121,0.507,0.441,-0.116,-0.118,-0.076,0.117,0.283,0.105,0.032,0.579,0.018,0.186,-0.051,0.29,-0.097,-0.05,0.495,0.486,0.304,0.084,0.051,0.229,0.059,0.386,-0.128,0.113,0.302,0.093,-0.119,0.678,0.141,0.184,-0.11,-0.031,0.083,0.302,0.544,0.599,0.413,-0.08,0.011,0.348,0.167,0.462
"MAB117_Watmind",0.254,0.289,-0.266,-0.065,0.114,-0.042,0.118,0.365,0.253,0.506,0.367,0.42,-0.042,0.289,0.42,0.129,0.187,-0.059,-0.148,0.254,0.626,0.194,0.164,0.341,0.218,0.229,0.526,0.005,-0.187,0.081,0.327,0.669,-0.194,0.209,0.42,0.411,1,0.147,0.426,0.367,-0.17,-0.173,-0.132,0.224,0.252,0.324,0.135,0.292,0.169,0.381,0.096,0.259,-0.122,-0.042,0.425,0.175,0.202,-0.05,-0.089,0.2,0.18,0.206,-0.104,0.2,0.118,0.392,-0.24,0.256,0.307,0.182,-0.145,-0.002,0.134,0.228,0.38,0.389,0.307,-0.182,0.165,0.443,0.274,0.475
"mAb4_AzureBiotech",0.1,0.022,-0.144,-0.085,-0.083,0.043,0.24,0.135,0.126,0.067,0.117,0.034,-0.036,0.022,0.034,0.327,0.202,0.06,0.054,0.1,0.275,0.213,0.245,0.004,0.04,-0.014,0.178,0.256,0.048,0.048,0.008,0.228,-0.017,0.113,0.034,0.121,0.147,1,0.403,0.046,0.109,0.047,0.089,0.046,0.026,0.188,0.33,0.111,0.14,0.081,0.192,0.197,0.206,0.083,0.126,-0.163,0.128,-0.082,-0.137,-0.068,0.156,-0.03,-0.06,0.266,-0.006,0.117,-0.058,-0.11,0.166,0.263,0.067,0.263,0.133,0.076,0.282,0.169,0.04,-0.177,0.317,0.068,0.203,0.186
"mAb5_AzureBiotech",0.187,0.371,-0.204,-0.004,-0.004,0.08,0.237,0.525,0.363,0.365,0.515,0.325,-0.004,0.371,0.325,0.4,0.234,0.079,0,0.187,0.609,0.322,0.305,0.293,0.212,0.076,0.588,0.247,0.022,-0.003,0.35,0.55,0.026,0.179,0.325,0.507,0.426,0.403,1,0.432,0.038,-0.052,0.023,0.202,0.259,0.272,0.34,0.414,0.265,0.289,0.178,0.384,0.163,0.108,0.363,0.141,0.236,0.017,-0.022,0.072,0.168,0.166,-0.074,0.201,0.132,0.194,-0.125,0.295,0.264,0.314,-0.036,0.239,0.178,0.276,0.561,0.497,0.25,-0.132,0.277,0.268,0.219,0.391
"mAb-OTI-2_OraSure",0.188,0.524,-0.112,-0.036,0.061,-0.107,0.026,0.5,0.311,0.289,0.49,0.372,-0.094,0.524,0.372,-0.012,0.058,-0.065,-0.066,0.188,0.307,0.134,0.074,0.363,0.161,-0.044,0.671,-0.016,-0.125,0.027,0.467,0.325,-0.067,0.07,0.372,0.441,0.367,0.046,0.432,1,-0.022,-0.111,-0.046,0.365,0.405,0.258,0.225,0.582,0.293,0.377,0.086,0.4,-0.089,0.011,0.19,0.294,0.221,0.012,-0.008,0.075,0.167,0.282,-0.116,0.187,0.064,0.015,-0.165,0.418,0.199,0.007,-0.142,-0.077,0.062,0.152,0.374,0.412,0.311,-0.029,0.051,0.128,0.149,0.197
"mAb-OTI-1_OraSure",-0.098,-0.099,0.217,0.196,-0.005,0.235,0.148,-0.034,-0.015,-0.113,-0.075,-0.066,0.281,-0.099,-0.066,0.39,-0.011,0.254,0.262,-0.098,-0.036,0.105,0.115,-0.071,-0.058,-0.278,-0.094,0.389,0.352,-0.079,-0.126,-0.083,0.397,-0.022,-0.066,-0.116,-0.17,0.109,0.038,-0.022,1,0.143,0.251,-0.068,-0.063,-0.029,0.035,-0.068,-0.007,-0.048,-0.035,0.02,0.343,0.047,-0.092,0.051,-0.004,0.37,0.204,0.156,-0.095,-0.015,0.297,-0.098,-0.065,0.001,0.179,-0.085,-0.04,-0.032,0.173,0.156,-0.071,-0.045,-0.04,-0.088,-0.08,0.429,-0.014,-0.078,-0.121,-0.19
"MAD4904_Roche",-0.032,-0.126,0.242,0.029,-0.04,0.024,-0.017,-0.083,-0.087,-0.116,-0.095,-0.102,0.03,-0.126,-0.102,0.071,-0.022,0.055,0.023,-0.032,-0.118,-0.051,-0.049,-0.073,-0.056,-0.089,-0.121,0.074,0.102,-0.041,-0.122,-0.126,0.11,-0.012,-0.102,-0.118,-0.173,0.047,-0.052,-0.111,0.143,1,0.037,-0.134,-0.146,-0.08,-0.074,-0.13,-0.083,-0.136,-0.037,-0.122,0.035,0.015,-0.135,-0.018,-0.022,0.233,0.038,0.222,-0.118,-0.016,0.055,-0.117,-0.05,-0.092,0.303,-0.134,-0.128,-0.049,0.855,0.038,-0.059,-0.07,-0.089,-0.12,-0.065,0.11,-0.052,-0.13,-0.089,-0.131
"mAb22-048-C_Roche",-0.075,-0.06,0.067,0.311,-0.041,0.345,0.228,-0.017,0.018,-0.048,-0.037,-0.017,0.479,-0.06,-0.017,0.442,0.036,0.111,0.513,-0.075,-0.042,0.028,0.042,-0.083,-0.012,-0.129,-0.053,0.512,0.729,-0.03,-0.073,-0.047,0.498,0.015,-0.017,-0.076,-0.132,0.089,0.023,-0.046,0.251,0.037,1,-0.064,-0.036,-0.011,0.011,-0.012,0.033,-0.023,-0.008,0,0.63,-0.016,-0.08,0.002,-0.029,0.136,0.602,-0.125,-0.077,-0.038,0.444,-0.034,-0.035,-0.031,0.016,-0.05,0.037,-0.014,-0.012,0.621,-0.062,-0.058,-0.014,-0.047,-0.07,0.448,0.013,-0.083,-0.048,-0.116
"Clone07_Xtrava",0.043,0.216,-0.15,-0.03,0.049,-0.116,-0.003,0.275,0.429,0.217,0.234,0.385,-0.101,0.216,0.385,-0.089,-0.013,-0.136,-0.081,0.043,0.181,0.019,0.008,0.212,0.362,-0.053,0.213,-0.067,-0.174,0.05,0.145,0.16,-0.177,-0.026,0.385,0.117,0.224,0.046,0.202,0.365,-0.068,-0.134,-0.064,1,0.429,0.287,0.199,0.402,0.441,0.348,0.108,0.364,-0.091,0.054,0.185,0.124,0.115,-0.027,-0.034,0.018,0.256,0.062,-0.154,0.077,-0.021,-0.003,-0.204,0.031,0.098,0.222,-0.204,-0.105,0.282,-0.024,0.031,0.046,0.064,-0.09,0.015,-0.005,0.061,0.049
"Clone09_Xtrava",0.119,0.339,-0.117,0.047,0.097,-0.074,-0.013,0.383,0.277,0.242,0.422,0.317,-0.088,0.339,0.317,-0.044,-0.006,-0.076,-0.073,0.119,0.222,0.051,0.046,0.413,0.144,0.023,0.319,-0.068,-0.15,0.039,0.29,0.217,-0.117,0.013,0.317,0.283,0.252,0.026,0.259,0.405,-0.063,-0.146,-0.036,0.429,1,0.274,0.161,0.529,0.306,0.36,0.154,0.633,-0.032,-0.001,0.199,0.248,0.241,0.016,0.033,0.065,0.134,0.407,-0.087,0.189,0.236,-0.049,-0.131,0.229,0.059,-0.01,-0.17,-0.129,0.007,0.351,0.118,0.161,0.418,-0.038,0.008,0.087,0.125,0.3
"Fab4-biotin_LumiraDx",0.037,0.117,-0.283,-0.038,-0.105,-0.053,-0.021,0.246,0.192,0.272,0.196,0.261,-0.061,0.117,0.261,0.006,0.099,-0.103,-0.119,0.037,0.424,0.011,0.019,0.12,0.098,0.074,0.187,-0.065,-0.141,0.069,0.071,0.423,-0.153,0.097,0.261,0.105,0.324,0.188,0.272,0.258,-0.029,-0.08,-0.011,0.287,0.274,1,0.405,0.317,0.308,0.434,0.308,0.301,0.055,0.121,0.188,0.038,0.197,0.005,-0.058,0.054,0.144,-0.011,-0.082,0.193,-0.021,0.112,-0.17,0.043,0.191,0.083,-0.095,-0.013,0.137,0.034,0.153,0.174,0.053,-0.162,0.15,0.169,0.154,0.182
"Fab5_LumiraDx",0.376,0.068,-0.222,-0.097,0.099,-0.026,0.048,0.227,0.177,0.04,0.148,0.101,-0.075,0.068,0.101,0.102,0.102,-0.01,-0.075,0.376,0.149,0.06,0.097,0.059,0.066,0.005,0.109,0.082,-0.042,0.03,0.029,0.107,-0.11,0.071,0.101,0.032,0.135,0.33,0.34,0.225,0.035,-0.074,0.011,0.199,0.161,0.405,1,0.221,0.341,0.237,0.303,0.294,0.192,0.269,0.031,-0.084,0.257,-0.013,-0.119,-0.035,0.245,-0.003,0.009,0.344,-0.038,0.025,-0.054,-0.013,0.148,0.085,-0.034,0.071,0.155,0.089,0.154,0.144,0.065,-0.174,0.308,0.076,0.219,0.145
"Capture_WebbDx",0.065,0.724,-0.16,-0.02,0.006,-0.067,0.02,0.491,0.329,0.289,0.592,0.342,-0.09,0.724,0.342,0.047,0.051,-0.044,-0.071,0.065,0.332,0.112,0.1,0.4,0.129,0,0.494,-0.017,-0.123,0.067,0.674,0.313,-0.097,0.033,0.342,0.579,0.292,0.111,0.414,0.582,-0.068,-0.13,-0.012,0.402,0.529,0.317,0.221,1,0.363,0.437,0.152,0.522,-0.013,0.042,0.174,0.253,0.227,0.011,-0.017,0.044,0.098,0.237,-0.113,0.147,0.184,-0.035,-0.182,0.341,0.143,0.097,-0.166,-0.054,0.002,0.114,0.29,0.306,0.25,-0.053,0.031,0.121,0.121,0.196
"Detector_WebbDx",0.048,0.142,-0.22,-0.063,-0.081,-0.093,0.026,0.255,0.511,0.088,0.169,0.379,-0.069,0.142,0.379,0.04,0.038,-0.046,-0.089,0.048,0.134,0.113,0.113,0.09,0.45,-0.022,0.124,0.038,-0.069,0.044,0.063,0.108,-0.151,0.016,0.379,0.018,0.169,0.14,0.265,0.293,-0.007,-0.083,0.033,0.441,0.306,0.308,0.341,0.363,1,0.339,0.279,0.354,0.085,0.215,0.052,-0.104,0.111,-0.07,-0.133,-0.021,0.262,0.019,-0.036,0.214,-0.036,-0.034,-0.097,-0.061,0.106,0.394,-0.078,0.049,0.213,0.005,0.093,0.058,0.01,-0.128,0.347,0.037,0.295,0.085
"rSN-25_Siemens",0.059,0.241,-0.196,-0.039,-0.021,-0.065,0.027,0.347,0.294,0.483,0.323,0.446,-0.091,0.241,0.446,-0.041,0.108,-0.12,-0.076,0.059,0.371,0.087,0.069,0.201,0.156,-0.013,0.266,-0.025,-0.16,0.006,0.182,0.373,-0.138,0.129,0.446,0.186,0.381,0.081,0.289,0.377,-0.048,-0.136,-0.023,0.348,0.36,0.434,0.237,0.437,0.339,1,0.203,0.42,0,0.138,0.197,0.161,0.214,0.027,-0.005,0.095,0.155,0.071,-0.133,0.185,0.027,0.353,-0.227,0.115,0.111,0.026,-0.176,-0.076,0.102,0.074,0.132,0.17,0.128,-0.113,0.074,0.365,0.16,0.211
"rSN-69_Siemens",0.054,-0.015,-0.223,-0.033,-0.153,0.039,0.052,0.109,0.059,0.018,0.102,0.046,-0.034,-0.015,0.046,0.093,0.215,-0.041,-0.063,0.054,0.105,0.035,0.043,0.044,0.057,0.21,0.017,0.045,-0.073,0.293,-0.041,0.077,-0.14,0.203,0.046,-0.051,0.096,0.192,0.178,0.086,-0.035,-0.037,-0.008,0.108,0.154,0.308,0.303,0.152,0.279,0.203,1,0.171,0.135,0.175,-0.005,-0.151,0.115,0.009,-0.131,-0.003,0.174,-0.036,-0.031,0.231,-0.06,0.057,-0.089,-0.046,0.147,0.089,-0.035,0.042,0.055,0.066,0.154,0.143,0.035,-0.173,0.247,0.114,0.228,0.172
"rSN-122_Siemens",0.112,0.291,-0.148,0.012,0.039,-0.02,0.102,0.392,0.322,0.201,0.36,0.298,-0.052,0.291,0.298,0.127,0.129,-0.016,-0.01,0.112,0.354,0.157,0.168,0.374,0.146,-0.035,0.379,0.109,-0.061,0,0.282,0.315,-0.038,0.129,0.298,0.29,0.259,0.197,0.384,0.4,0.02,-0.122,0,0.364,0.633,0.301,0.294,0.522,0.354,0.42,0.171,1,0.081,0.068,0.202,0.196,0.327,0.061,0.047,0.04,0.179,0.442,-0.086,0.28,0.302,0.014,-0.14,0.198,0.132,0.102,-0.139,0.044,0.049,0.442,0.253,0.254,0.446,-0.052,0.149,0.163,0.17,0.363
"rSN-327_Siemens",-0.034,-0.098,0.027,0.399,-0.022,0.555,0.367,-0.044,0.001,-0.075,-0.026,-0.077,0.428,-0.098,-0.077,0.549,0.116,0.21,0.683,-0.034,0.028,0.091,0.115,-0.11,-0.105,-0.078,-0.056,0.621,0.718,-0.02,-0.128,-0.026,0.609,0.09,-0.077,-0.097,-0.122,0.206,0.163,-0.089,0.343,0.035,0.63,-0.091,-0.032,0.055,0.192,-0.013,0.085,0,0.135,0.081,1,0.158,-0.106,-0.103,0.001,0.196,0.555,-0.117,-0.02,-0.066,0.431,0.042,-0.04,-0.01,0.114,-0.075,0.064,0.048,0.096,0.624,-0.027,0.009,0.139,0.064,-0.075,0.387,0.212,0.007,0.044,-0.051
"SNS-25_Siemens",-0.047,-0.067,-0.104,-0.027,-0.089,0.036,-0.019,0.016,-0.028,-0.044,-0.002,-0.037,-0.054,-0.067,-0.037,0.02,0.062,0.074,-0.067,-0.047,-0.003,0.016,0.033,-0.024,-0.08,-0.003,-0.04,0.062,0.016,-0.008,-0.052,0.023,-0.059,0.066,-0.037,-0.05,-0.042,0.083,0.108,0.011,0.047,0.015,-0.016,0.054,-0.001,0.121,0.269,0.042,0.215,0.138,0.175,0.068,0.158,1,-0.095,-0.111,0.086,0.043,-0.101,0.065,0.128,-0.016,0.094,0.186,-0.071,0,0.17,-0.011,0.057,-0.004,0.063,0.052,0.061,0.014,0.098,0.082,0.018,-0.076,0.243,0.126,0.158,0.068
"MAB115_Watmind",0.121,0.261,-0.114,-0.029,0.101,-0.094,0.098,0.33,0.361,0.481,0.342,0.389,-0.09,0.261,0.389,0.12,0.101,-0.029,-0.091,0.121,0.525,0.167,0.177,0.244,0.268,0.107,0.439,-0.014,-0.177,-0.003,0.287,0.547,-0.087,0.138,0.389,0.495,0.425,0.126,0.363,0.19,-0.092,-0.135,-0.08,0.185,0.199,0.188,0.031,0.174,0.052,0.197,-0.005,0.202,-0.106,-0.095,1,0.395,0.257,0.029,0.046,0.229,0.095,0.268,-0.18,0.035,0.149,0.207,-0.175,0.349,0.192,0.269,-0.131,-0.029,0.183,0.287,0.299,0.323,0.298,-0.121,-0.011,0.323,0.104,0.388
"Mab2_Healgen",0.063,0.359,0.243,0.147,0.244,-0.056,-0.026,0.326,0.266,0.36,0.339,0.389,0.001,0.359,0.389,-0.083,-0.077,0.057,0.012,0.063,0.224,0.04,-0.015,0.238,0.156,-0.098,0.337,-0.064,-0.008,-0.045,0.377,0.219,0.188,0.087,0.389,0.486,0.175,-0.163,0.141,0.294,0.051,-0.018,0.002,0.124,0.248,0.038,-0.084,0.253,-0.104,0.161,-0.151,0.196,-0.103,-0.111,0.395,1,0.623,0.462,0.465,0.376,0.074,0.503,-0.034,0.114,0.162,-0.028,0.063,0.602,-0.045,-0.159,-0.054,-0.175,0.016,0.278,0.152,0.295,0.414,0.292,-0.192,0.264,0.045,0.245
"Mab117_Healgen",0.209,0.23,0.013,0.079,0.213,-0.002,0.038,0.298,0.272,0.306,0.321,0.331,-0.003,0.23,0.331,-0.017,0.035,0.059,-0.065,0.209,0.254,0.067,0.039,0.201,0.099,0.051,0.22,-0.006,-0.037,0.022,0.262,0.234,0.065,0.177,0.331,0.304,0.202,0.128,0.236,0.221,-0.004,-0.022,-0.029,0.115,0.241,0.197,0.257,0.227,0.111,0.214,0.115,0.327,0.001,0.086,0.257,0.623,1,0.426,0.277,0.359,0.355,0.463,0.051,0.567,0.102,-0.051,0.122,0.443,0.029,-0.07,0.014,-0.073,0.184,0.341,0.246,0.354,0.456,0.099,0.272,0.384,0.393,0.421
"Ab063_CorDx",-0.028,0.054,0.194,0.254,0.123,0.267,0.037,0.076,0.086,0.07,0.059,0.13,0.256,0.054,0.13,0.151,0.057,0.131,0.194,-0.028,0.011,-0.026,-0.051,0.014,0.04,-0.065,-0.021,0.201,0.279,-0.026,0.053,-0.021,0.405,0.205,0.13,0.084,-0.05,-0.082,0.017,0.012,0.37,0.233,0.136,-0.027,0.016,0.005,-0.013,0.011,-0.07,0.027,0.009,0.061,0.196,0.043,0.029,0.462,0.426,1,0.524,0.431,0.157,0.23,0.287,0.179,0.057,-0.054,0.174,0.209,-0.009,-0.095,0.274,0.043,0.086,0.097,0.038,0.119,0.176,0.473,0.095,0.167,0.18,0.114
"Ab339_CorDx",-0.041,0.041,0.244,0.459,0.138,0.43,0.243,0.04,0.078,0.098,0.044,0.121,0.433,0.041,0.121,0.26,-0.045,0.117,0.678,-0.041,-0.012,0.006,-0.018,-0.008,-0.005,-0.099,-0.019,0.421,0.674,-0.044,0.029,-0.027,0.683,0.064,0.121,0.051,-0.089,-0.137,-0.022,-0.008,0.204,0.038,0.602,-0.034,0.033,-0.058,-0.119,-0.017,-0.133,-0.005,-0.131,0.047,0.555,-0.101,0.046,0.465,0.277,0.524,1,0.131,-0.052,0.194,0.372,-0.032,0.033,-0.063,0.103,0.167,-0.102,-0.155,0.047,0.434,-0.046,0.048,-0.054,0.007,0.09,0.615,-0.114,0.031,-0.049,-0.038
"9_UCSD",0.043,0.161,-0.055,0.069,0.195,-0.037,-0.088,0.155,0.156,0.257,0.154,0.239,0.096,0.161,0.239,-0.104,0.007,-0.065,-0.143,0.043,0.122,-0.04,-0.064,0.136,0.098,0.164,0.126,-0.137,-0.094,0.04,0.188,0.152,-0.038,0.161,0.239,0.229,0.2,-0.068,0.072,0.075,0.156,0.222,-0.125,0.018,0.065,0.054,-0.035,0.044,-0.021,0.095,-0.003,0.04,-0.117,0.065,0.229,0.376,0.359,0.431,0.131,1,0.138,0.281,0.174,0.165,0.068,0.045,0.106,0.308,0.018,-0.058,0.338,-0.136,0.084,0.15,0.102,0.204,0.26,0.14,0.06,0.327,0.215,0.316
"Capture_Phase",0.192,0.036,-0.158,-0.064,0.101,-0.047,-0.027,0.186,0.272,0.104,0.107,0.247,-0.054,0.036,0.247,-0.074,0.138,-0.022,-0.114,0.192,0.116,0.055,0.01,0.073,0.235,0.19,0.112,-0.031,-0.099,0.064,0.061,0.139,-0.134,0.205,0.247,0.059,0.18,0.156,0.168,0.167,-0.095,-0.118,-0.077,0.256,0.134,0.144,0.245,0.098,0.262,0.155,0.174,0.179,-0.02,0.128,0.095,0.074,0.355,0.157,-0.052,0.138,1,0.199,0.091,0.682,0.029,-0.005,0.069,0.152,0.209,0.196,-0.027,-0.038,0.662,0.17,0.236,0.282,0.265,-0.095,0.529,0.308,0.515,0.34
"Labeling_Phase",0.229,0.266,0.054,0.061,0.249,-0.086,-0.002,0.302,0.266,0.276,0.29,0.322,-0.055,0.266,0.322,-0.004,0.002,0.048,-0.037,0.229,0.249,0.157,0.107,0.374,0.153,-0.017,0.402,0.003,-0.05,-0.018,0.316,0.297,0.055,0.108,0.322,0.386,0.206,-0.03,0.166,0.282,-0.015,-0.016,-0.038,0.062,0.407,-0.011,-0.003,0.237,0.019,0.071,-0.036,0.442,-0.066,-0.016,0.268,0.503,0.463,0.23,0.194,0.281,0.199,1,0.004,0.296,0.427,-0.016,0.083,0.489,-0.001,-0.033,-0.01,-0.058,0.061,0.701,0.213,0.287,0.907,0.193,0.069,0.286,0.205,0.492
"ND1_NanoDitech",-0.023,-0.108,0.051,0.597,0.069,0.594,0.053,-0.079,-0.048,-0.074,-0.082,-0.05,0.849,-0.108,-0.05,0.269,0.003,0.128,0.338,-0.023,-0.114,0.03,0.012,-0.083,-0.115,0.033,-0.104,0.222,0.548,-0.027,-0.082,-0.111,0.505,0.065,-0.05,-0.128,-0.104,-0.06,-0.074,-0.116,0.297,0.055,0.444,-0.154,-0.087,-0.082,0.009,-0.113,-0.036,-0.133,-0.031,-0.086,0.431,0.094,-0.18,-0.034,0.051,0.287,0.372,0.174,0.091,0.004,1,0.141,-0.062,-0.073,0.289,0.028,-0.031,-0.093,0.211,0.42,-0.014,-0.041,0.043,0.041,-0.01,0.735,0.225,0.072,0.155,-0.007
"ND2_NanoDitech",0.239,0.074,-0.188,0.035,0.149,0.015,-0.007,0.218,0.129,0.142,0.198,0.175,-0.02,0.074,0.175,-0.06,0.154,-0.011,-0.09,0.239,0.142,0.094,0.028,0.125,0,0.231,0.151,0.005,-0.069,0.075,0.132,0.148,-0.105,0.243,0.175,0.113,0.2,0.266,0.201,0.187,-0.098,-0.117,-0.034,0.077,0.189,0.193,0.344,0.147,0.214,0.185,0.231,0.28,0.042,0.186,0.035,0.114,0.567,0.179,-0.032,0.165,0.682,0.296,0.141,1,0.073,-0.038,0.079,0.27,0.196,-0.01,-0.011,-0.022,0.252,0.322,0.338,0.395,0.401,-0.077,0.585,0.395,0.635,0.456
"BMRnp311_Osang",0.037,0.169,-0.018,0.005,0.051,-0.011,0.033,0.177,0.06,0.101,0.149,0.092,-0.022,0.169,0.092,0.063,0.019,0.037,-0.005,0.037,0.155,0.053,0.056,0.069,0.029,0.078,0.163,0.033,-0.028,-0.01,0.224,0.172,-0.011,0.043,0.092,0.302,0.118,-0.006,0.132,0.064,-0.065,-0.05,-0.035,-0.021,0.236,-0.021,-0.038,0.184,-0.036,0.027,-0.06,0.302,-0.04,-0.071,0.149,0.162,0.102,0.057,0.033,0.068,0.029,0.427,-0.062,0.073,1,0.031,-0.07,0.274,0.101,0.045,-0.083,-0.006,-0.02,0.432,0.207,0.21,0.405,-0.006,-0.003,0.099,0.083,0.413
"BMRnp314_Osang",0.084,0.008,-0.116,-0.068,-0.06,0.011,0.104,0.075,0.028,0.426,0.088,0.202,-0.007,0.008,0.202,0.162,0.083,0.018,-0.02,0.084,0.357,0.093,0.14,0.059,0.012,0.096,0.173,0.089,-0.056,-0.001,0.024,0.381,-0.051,0.065,0.202,0.093,0.392,0.117,0.194,0.015,0.001,-0.092,-0.031,-0.003,-0.049,0.112,0.025,-0.035,-0.034,0.353,0.057,0.014,-0.01,0,0.207,-0.028,-0.051,-0.054,-0.063,0.045,-0.005,-0.016,-0.073,-0.038,0.031,1,-0.124,0.046,0.238,0.213,-0.064,0.106,0.084,0.098,0.214,0.175,0.039,-0.12,0.045,0.442,0.023,0.232
"ADK-214_Abbott",-0.02,-0.105,0.592,0.166,0.102,0.111,0.036,-0.132,-0.094,-0.134,-0.134,-0.077,0.04,-0.105,-0.077,0.071,-0.042,0.543,0.076,-0.02,-0.162,0.051,0.035,-0.108,-0.151,-0.024,-0.151,0.145,0.245,-0.044,-0.102,-0.175,0.27,0.043,-0.077,-0.119,-0.24,-0.058,-0.125,-0.165,0.179,0.303,0.016,-0.204,-0.131,-0.17,-0.054,-0.182,-0.097,-0.227,-0.089,-0.14,0.114,0.17,-0.175,0.063,0.122,0.174,0.103,0.106,0.069,0.083,0.289,0.079,-0.07,-0.124,1,0.076,-0.131,-0.128,0.478,0.07,0.014,-0.001,-0.013,-0.027,0.014,0.174,0.171,0.036,0.09,-0.093
"N18_Abbott",0.163,0.483,-0.018,0.079,0.174,-0.052,-0.015,0.37,0.201,0.353,0.478,0.309,-0.051,0.483,0.309,-0.038,0.011,0.029,-0.071,0.163,0.29,0.081,0.043,0.336,0.068,0.162,0.599,-0.055,-0.071,0.031,0.55,0.314,-0.007,0.138,0.309,0.678,0.256,-0.11,0.295,0.418,-0.085,-0.134,-0.05,0.031,0.229,0.043,-0.013,0.341,-0.061,0.115,-0.046,0.198,-0.075,-0.011,0.349,0.602,0.443,0.209,0.167,0.308,0.152,0.489,0.028,0.27,0.274,0.046,0.076,1,0.101,-0.025,-0.071,-0.114,0.083,0.382,0.587,0.717,0.492,0.062,0.055,0.43,0.266,0.488
"HA811-36MB_Phase",0.089,0.111,-0.232,-0.069,-0.024,0.032,0.174,0.18,0.109,0.17,0.158,0.147,-0.024,0.111,0.147,0.21,0.181,-0.041,-0.047,0.089,0.261,0.136,0.133,0.109,0.123,0.094,0.254,0.125,0.006,0.021,0.115,0.256,-0.078,0.162,0.147,0.141,0.307,0.166,0.264,0.199,-0.04,-0.128,0.037,0.098,0.059,0.191,0.148,0.143,0.106,0.111,0.147,0.132,0.064,0.057,0.192,-0.045,0.029,-0.009,-0.102,0.018,0.209,-0.001,-0.031,0.196,0.101,0.238,-0.131,0.101,1,0.305,-0.038,0.129,0.143,0.145,0.351,0.311,0.095,-0.147,0.275,0.221,0.295,0.269
"HA811-37R_Phase",0.049,0.062,-0.227,-0.095,-0.1,0.014,0.23,0.103,0.522,0.078,0.128,0.253,-0.005,0.062,0.253,0.316,0.172,0.005,-0.04,0.049,0.34,0.17,0.207,0.095,0.541,0.105,0.244,0.16,-0.005,0.03,0.083,0.279,-0.057,0.092,0.253,0.184,0.182,0.263,0.314,0.007,-0.032,-0.049,-0.014,0.222,-0.01,0.083,0.085,0.097,0.394,0.026,0.089,0.102,0.048,-0.004,0.269,-0.159,-0.07,-0.095,-0.155,-0.058,0.196,-0.033,-0.093,-0.01,0.045,0.213,-0.128,-0.025,0.305,1,-0.018,0.24,0.41,0.122,0.332,0.231,-0.01,-0.179,0.31,0.078,0.202,0.225
"S32213_Sekisui",-0.015,-0.126,0.246,0.096,0.008,0.128,0.038,-0.083,-0.083,-0.096,-0.093,-0.112,0.097,-0.126,-0.112,0.124,0.024,0.119,0.041,-0.015,-0.109,0.006,0.007,-0.102,-0.11,0.028,-0.121,0.129,0.183,-0.027,-0.122,-0.112,0.179,0.063,-0.112,-0.11,-0.145,0.067,-0.036,-0.142,0.173,0.855,-0.012,-0.204,-0.17,-0.095,-0.034,-0.166,-0.078,-0.176,-0.035,-0.139,0.096,0.063,-0.131,-0.054,0.014,0.274,0.047,0.338,-0.027,-0.01,0.211,-0.011,-0.083,-0.064,0.478,-0.071,-0.038,-0.018,1,0.125,0.001,-0.026,0.018,-0.023,-0.054,0.135,0.145,-0.015,0.074,-0.048
"S32217_Sekisui",0.027,-0.105,-0.065,0.219,-0.047,0.382,0.388,-0.019,0.035,-0.034,-0.022,-0.056,0.464,-0.105,-0.056,0.614,0.17,0.177,0.602,0.027,0.172,0.198,0.257,-0.081,-0.052,-0.017,0.058,0.64,0.749,-0.016,-0.102,0.134,0.516,0.102,-0.056,-0.031,-0.002,0.263,0.239,-0.077,0.156,0.038,0.621,-0.105,-0.129,-0.013,0.071,-0.054,0.049,-0.076,0.042,0.044,0.624,0.052,-0.029,-0.175,-0.073,0.043,0.434,-0.136,-0.038,-0.058,0.42,-0.022,-0.006,0.106,0.07,-0.114,0.129,0.24,0.125,1,0.065,0.087,0.275,0.145,-0.042,0.309,0.276,0.04,0.08,0.045
"Capture_iHealth",0.114,-0.002,-0.116,-0.061,0.022,-0.051,0.018,0.076,0.33,0.155,0.046,0.262,-0.065,-0.002,0.262,0.013,0.072,-0.025,-0.071,0.114,0.176,0.103,0.1,0.031,0.354,0.144,0.114,0.009,-0.071,-0.005,0.01,0.198,-0.102,0.104,0.262,0.083,0.134,0.133,0.178,0.062,-0.071,-0.059,-0.062,0.282,0.007,0.137,0.155,0.002,0.213,0.102,0.055,0.049,-0.027,0.061,0.183,0.016,0.184,0.086,-0.046,0.084,0.662,0.061,-0.014,0.252,-0.02,0.084,0.014,0.083,0.143,0.41,0.001,0.065,1,0.14,0.236,0.247,0.086,-0.127,0.433,0.278,0.395,0.292
"Labeling_iHealth",0.21,0.086,-0.073,0.022,0.114,-0.014,0.126,0.189,0.181,0.231,0.254,0.179,-0.035,0.086,0.179,0.168,0.125,0.045,-0.032,0.21,0.366,0.209,0.187,0.34,0.06,0.12,0.356,0.083,-0.023,0.003,0.199,0.357,0.008,0.156,0.179,0.302,0.228,0.076,0.276,0.152,-0.045,-0.07,-0.058,-0.024,0.351,0.034,0.089,0.114,0.005,0.074,0.066,0.442,0.009,0.014,0.287,0.278,0.341,0.097,0.048,0.15,0.17,0.701,-0.041,0.322,0.432,0.098,-0.001,0.382,0.145,0.122,-0.026,0.087,0.14,1,0.4,0.413,0.771,-0.017,0.193,0.342,0.274,0.621
"FPZ0639_BD",0.204,0.276,-0.227,0.014,0.029,0.12,0.272,0.359,0.193,0.294,0.423,0.181,0.044,0.276,0.181,0.346,0.274,0.079,-0.005,0.204,0.487,0.259,0.275,0.265,0.05,0.253,0.66,0.211,0.034,0.062,0.363,0.468,0.011,0.239,0.181,0.544,0.38,0.282,0.561,0.374,-0.04,-0.089,-0.014,0.031,0.118,0.153,0.154,0.29,0.093,0.132,0.154,0.253,0.139,0.098,0.299,0.152,0.246,0.038,-0.054,0.102,0.236,0.213,0.043,0.338,0.207,0.214,-0.013,0.587,0.351,0.332,0.018,0.275,0.236,0.4,1,0.945,0.334,-0.127,0.529,0.524,0.511,0.63
"FPZ0643_BD",0.226,0.33,-0.228,0.043,0.066,0.075,0.173,0.394,0.207,0.345,0.447,0.245,0.021,0.33,0.245,0.195,0.233,0.021,-0.057,0.226,0.448,0.186,0.173,0.3,0.076,0.294,0.668,0.106,-0.036,0.065,0.424,0.455,-0.029,0.264,0.245,0.599,0.389,0.169,0.497,0.412,-0.088,-0.12,-0.047,0.046,0.161,0.174,0.144,0.306,0.058,0.17,0.143,0.254,0.064,0.082,0.323,0.295,0.354,0.119,0.007,0.204,0.282,0.287,0.041,0.395,0.21,0.175,-0.027,0.717,0.311,0.231,-0.023,0.145,0.247,0.413,0.945,1,0.406,-0.109,0.471,0.6,0.547,0.687
"mAb-L_ACON",0.296,0.253,-0.06,0.024,0.246,-0.083,-0.002,0.348,0.235,0.32,0.331,0.31,-0.061,0.253,0.31,0.009,0.073,0.007,-0.074,0.296,0.323,0.175,0.113,0.406,0.114,0.077,0.467,-0.009,-0.105,0.001,0.332,0.38,-0.033,0.157,0.31,0.413,0.307,0.04,0.25,0.311,-0.08,-0.065,-0.07,0.064,0.418,0.053,0.065,0.25,0.01,0.128,0.035,0.446,-0.075,0.018,0.298,0.414,0.456,0.176,0.09,0.26,0.265,0.907,-0.01,0.401,0.405,0.039,0.014,0.492,0.095,-0.01,-0.054,-0.042,0.086,0.771,0.334,0.406,1,0.073,0.183,0.388,0.317,0.606
"mAb-N_ACON",-0.073,-0.047,0.294,0.633,0.141,0.568,0.051,-0.058,0.005,-0.058,-0.066,0.018,0.763,-0.047,0.018,0.277,-0.099,0.201,0.455,-0.073,-0.121,0.056,0.015,-0.055,-0.052,-0.25,-0.081,0.271,0.604,-0.073,-0.049,-0.14,0.735,-0.009,0.018,-0.08,-0.182,-0.177,-0.132,-0.029,0.429,0.11,0.448,-0.09,-0.038,-0.162,-0.174,-0.053,-0.128,-0.113,-0.173,-0.052,0.387,-0.076,-0.121,0.292,0.099,0.473,0.615,0.14,-0.095,0.193,0.735,-0.077,-0.006,-0.12,0.174,0.062,-0.147,-0.179,0.135,0.309,-0.127,-0.017,-0.127,-0.109,0.073,1,-0.121,-0.108,-0.128,-0.206
"Mab15_Wondfo",0.182,-0.043,-0.247,0.019,0.014,0.142,0.157,0.1,0.174,0.058,0.071,0.121,0.065,-0.043,0.121,0.189,0.259,0.059,-0.018,0.182,0.139,0.182,0.172,-0.013,0.107,0.244,0.1,0.178,0.076,0.05,-0.036,0.137,-0.032,0.251,0.121,0.011,0.165,0.317,0.277,0.051,-0.014,-0.052,0.013,0.015,0.008,0.15,0.308,0.031,0.347,0.074,0.247,0.149,0.212,0.243,-0.011,-0.192,0.272,0.095,-0.114,0.06,0.529,0.069,0.225,0.585,-0.003,0.045,0.171,0.055,0.275,0.31,0.145,0.276,0.433,0.193,0.529,0.471,0.183,-0.121,1,0.43,0.831,0.451
"Mab19_Wondfo",0.164,0.164,-0.177,-0.01,0.058,0.008,0.035,0.24,0.135,0.532,0.281,0.357,-0.026,0.164,0.357,0.02,0.152,-0.015,-0.118,0.164,0.399,0.105,0.072,0.225,0.035,0.28,0.316,0.004,-0.11,0.028,0.235,0.461,-0.092,0.252,0.357,0.348,0.443,0.068,0.268,0.128,-0.078,-0.13,-0.083,-0.005,0.087,0.169,0.076,0.121,0.037,0.365,0.114,0.163,0.007,0.126,0.323,0.264,0.384,0.167,0.031,0.327,0.308,0.286,0.072,0.395,0.099,0.442,0.036,0.43,0.221,0.078,-0.015,0.04,0.278,0.342,0.524,0.6,0.388,-0.108,0.43,1,0.532,0.659
"R0112_Access",0.196,0.097,-0.243,0.035,0.066,0.06,0.026,0.173,0.212,0.194,0.195,0.245,0.022,0.097,0.245,-0.035,0.191,-0.046,-0.096,0.196,0.111,0.111,0.059,0.097,0.145,0.317,0.178,0.005,-0.071,0.07,0.146,0.136,-0.152,0.258,0.245,0.167,0.274,0.203,0.219,0.149,-0.121,-0.089,-0.048,0.061,0.125,0.154,0.219,0.121,0.295,0.16,0.228,0.17,0.044,0.158,0.104,0.045,0.393,0.18,-0.049,0.215,0.515,0.205,0.155,0.635,0.083,0.023,0.09,0.266,0.295,0.202,0.074,0.08,0.395,0.274,0.511,0.547,0.317,-0.128,0.831,0.532,1,0.628
"R0113_Access",0.245,0.206,-0.294,-0.008,0.062,-0.007,0.104,0.315,0.223,0.424,0.37,0.302,-0.027,0.206,0.302,0.083,0.227,-0.086,-0.161,0.245,0.456,0.162,0.137,0.304,0.138,0.369,0.441,0.002,-0.167,0.06,0.316,0.492,-0.182,0.305,0.302,0.462,0.475,0.186,0.391,0.197,-0.19,-0.131,-0.116,0.049,0.3,0.182,0.145,0.196,0.085,0.211,0.172,0.363,-0.051,0.068,0.388,0.245,0.421,0.114,-0.038,0.316,0.34,0.492,-0.007,0.456,0.413,0.232,-0.093,0.488,0.269,0.225,-0.048,0.045,0.292,0.621,0.63,0.687,0.606,-0.206,0.451,0.659,0.628,1
