"Site","Average Escape Score"
2,0.326474321549795
3,0.211333460935128
4,0.185215072638928
5,0.174965714578181
6,0.113212779158128
7,0.153291710912148
8,0.124622084470904
9,0.182062573071283
10,0.11951802331867
11,0.212819647894719
12,0.150517544213637
13,0.142525137202524
14,0.113191965289839
15,0.16454539015072
16,0.148666733720876
17,0.147023720245574
18,0.153105767680279
19,0.132538318894205
20,0.173789400386169
21,0.123174064044813
22,0.197822839082781
23,0.127629982721018
24,0.154199992044218
25,0.118472699235492
26,0.169626688815123
27,0.150160999004329
28,0.142678332350872
29,0.177105341611417
30,0.114410331517068
31,0.177593468316941
32,0.13253841053246
33,0.125609689013589
34,0.150975841831075
35,0.119221952851176
36,0.123824995840264
37,0.14214397019561
38,0.100765595162746
39,0.158881144236831
40,0.0844495740217568
41,0.151539852973308
42,0.11084347252439
43,0.13802503670757
44,0.221326145075157
45,0.164329784355213
46,0.124961456161514
47,0.212973457125223
48,0.160665533185339
49,0.221703155881115
50,0.133353243956869
51,0.37682344099805
52,0.171829967182068
53,0.234210236771562
54,0.278159915198233
55,0.253886980577298
56,0.232306010270779
57,0.151751061852358
58,0.295071893555944
59,0.145493706201853
60,0.182806805978511
61,0.138459495806957
62,0.16619616088002
63,0.211743563379643
64,0.24261098773021
65,0.119703565192847
66,0.224349617863202
67,0.157562064430742
68,0.130657297787938
69,0.230793499748837
70,0.192114333525678
71,0.392124398834163
72,0.26959315442968
73,0.384298700116236
74,0.186440926440987
75,0.254905471688901
76,0.104520184316718
77,0.157185096108938
78,0.153739303846519
79,0.187976936422449
80,0.125336867255171
81,0.146256396488465
82,0.218738803745902
83,0.208867723262693
84,0.362576016365138
85,0.46941061568172
86,0.409255783220352
87,0.311650327677373
88,0.214140517841478
89,0.272488321426512
90,0.125110722501677
91,0.11458580770145
92,0.184544677102767
93,0.176049416235038
94,0.154297161176513
95,0.112070331422948
96,0.121683400354397
97,0.180855337704575
98,0.23611001927136
99,0.188940886955238
100,0.13292212076364
101,0.164789389460541
102,0.109170768887422
103,0.117471409495153
104,0.16914019788151
105,0.131549136245641
106,0.236049007961158
107,0.185992641365819
108,0.233415291513706
109,0.183201381660751
110,0.339277789304164
111,0.308633663542212
112,0.295018613705062
113,0.29564990791464
114,0.405415963015972
115,0.344053479114676
116,0.501716157018159
117,0.331193327853187
118,0.261974271011392
119,0.221294939804597
120,0.215617047557666
121,0.239662831512226
122,0.173048576240008
123,0.367522212136165
124,0.260248289825425
125,0.173744246581638
126,0.0965077868348003
127,0.268401223339344
128,0.205603106413025
129,0.268084558770836
130,0.26916647505859
131,0.218906395491928
132,0.302915019142519
133,0.36901693293807
134,0.15959366351071
135,0.181472157278086
136,0.230473839449463
137,0.200282848678028
138,0.2804431434339
139,0.16335682021017
140,0.199779364348082
141,0.263532840009451
142,0.189623980813956
143,0.337884495072595
144,0.19508897651387
145,0.215451398011937
146,0.23502268013443
147,0.260403612416672
148,0.209082462930895
149,0.35321494262331
150,0.216316560539408
151,0.191874516889486
152,0.148666248188299
153,0.193035610080048
154,0.199189615857937
155,0.190714135927612
156,0.298191502490673
157,0.232499645217959
158,0.11092421473836
159,0.237997652825307
160,0.175030486084478
161,0.324828522058433
162,0.23158849630525
163,0.153269367339765
164,0.194998104901032
165,0.194433681834491
166,0.177341480689462
167,0.244800084333498
168,0.328781874257986
169,0.145681662566484
170,0.263915125766112
171,0.237780000618414
172,0.219612106264064
173,0.150775925795031
174,0.197095075046211
175,0.136333549207894
176,0.165218536967909
177,0.125973141639245
178,0.10283235383601
179,0.183581204416004
180,0.19311203919737
181,0.116047457062366
182,0.163984728050045
183,0.212664972284431
184,0.136032532261586
185,0.147269201446084
186,0.159163136183576
187,0.118584843154313
188,0.207853910438522
189,0.15355800313564
190,0.150190078966753
191,0.117327440653262
192,0.147826366714499
193,0.205580702439072
194,0.166092631046602
195,0.155904913099973
196,0.101846543142343
197,0.130403763770159
198,0.128416963340895
199,0.122277033057324
200,0.173282400455192
201,0.118267889585397
202,0.211000115053574
203,0.209339236948199
204,0.164596256906122
205,0.128766060152405
206,0.154183082840787
207,0.216147787344156
208,0.136583147171687
209,0.209616344815884
210,0.14324846565658
211,0.159384012185844
212,0.206432725656658
213,0.131675726507083
214,0.167433951132382
215,0.174053206493617
216,0.140625833927412
217,0.164316618355191
218,0.192930025350506
219,0.0664436530421098
220,0.113236219073268
221,0.118474160915381
222,0.129282683878797
223,0.164464352811281
224,0.116098882912326
225,0.316411024147334
226,0.141448665314153
227,0.147040468358625
228,0.196564340734214
229,0.147904143387319
230,0.104322327906682
231,0.146344019783106
232,0.216578152267882
233,0.106215809296974
234,0.199096815590154
235,0.121105463918981
236,0.120750654270688
237,0.196220929199255
238,0.1454191339272
239,0.182927252617627
240,0.177252203571326
241,0.157745032543215
242,0.146432269854329
243,0.160125635059693
244,0.194726587934036
245,0.141168798839714
246,0.170411832265851
247,0.164154644727384
248,0.132847902667438
249,0.14601877356929
250,0.138479458872146
251,0.0847163905204745
252,NA
253,0.125938751518659
254,0.0794749361443332
255,0.100316116673049
256,0.138875155032337
257,0.0771210790192575
258,0.173009777224168
259,0.295081049561408
260,0.210589650670419
261,0.365291252657081
262,0.478652655665296
263,0.133563427934999
264,0.35436515139012
265,0.118219872679862
266,0.116672309211646
267,0.165994615365492
268,0.233158126600112
269,0.349367770783882
270,0.163645125086746
271,0.290693836710908
272,0.147232633880323
273,0.298986522760448
274,0.307222955474133
275,0.250880329760793
276,0.136195559057234
277,0.209977283450536
278,0.265080346116003
279,0.487436425381318
280,0.829861149692799
281,0.631401675434772
282,0.394133874864427
283,0.554596259363509
284,0.288908276549819
285,0.233264056165588
286,0.143346444818364
287,0.228825627873895
288,0.254686515288321
289,0.161238179141553
290,0.178862331676263
291,0.253592394060305
292,0.201885006886433
293,0.124790875724922
294,0.128819110346612
295,0.232725132391019
296,0.125731713314534
297,0.127749341270307
298,0.222006393490176
299,0.165028319897447
300,0.18073852642478
301,0.222081148437001
302,0.253348604895621
303,0.256841235224177
304,0.255980135196731
305,0.415322050206734
306,0.203224557300435
307,0.234477196782747
308,0.202482801233385
309,0.256225323533697
310,0.283405836012698
311,0.348898514141225
312,0.105416483814639
313,0.279951139989629
314,0.283835265145515
315,0.30244817869026
316,0.400249473602359
317,0.163162970021013
318,0.372010974672877
319,0.378353093466837
320,0.20520508937556
321,0.23218150823794
322,0.287055054402134
323,0.522854299180301
324,0.201321718247322
325,0.721210534142201
326,0.807072915670888
327,0.34029232515858
328,0.509152758085828
329,0.393496146962656
330,0.57865337631188
331,0.345191291360453
332,0.330527140947658
333,0.277051637927355
334,0.192747434967134
335,0.454453971777676
336,0.507772354936457
337,0.399567893764014
338,0.328874546657253
339,0.308435987146639
340,0.34122690466479
341,0.479816777120101
342,0.211106226105978
343,0.159198506051016
344,0.200409171928882
345,0.184780757357741
346,0.297209533533122
347,0.181122372162621
348,0.250058709379467
349,0.127196616541907
350,0.230005539207611
351,0.19259574132001
352,0.287802521425104
353,0.235692829506019
354,0.237179539447792
355,0.320641775698913
356,0.305246633473794
357,0.21378386494247
358,0.203406461194085
359,0.263814839385903
360,0.248268594598845
361,0.226223654443492
362,0.123900145359618
363,0.1166509307995
364,0.159042976212313
365,0.207602749511032
366,0.138674883846727
367,0.203957097051233
368,0.139090128444725
369,0.162535905246742
370,0.072013307707217
371,0.267144364259656
372,0.138605646344771
373,0.100191945000273
374,0.140596831095479
375,0.16038748137046
376,0.132402903702138
377,0.245450037422057
378,0.218690255304551
379,0.166153479215251
380,0.172548319506077
381,0.183338602177873
382,0.177833762247025
383,0.218273507506493
384,0.241726004904676
385,0.131766470894184
386,0.195311045381234
387,0.0822774787073624
388,0.11759513764821
389,0.132723646372143
390,0.132546858945011
391,0.171374239521758
392,0.239270474495582
393,0.282702128419003
394,0.221768153176108
395,0.178305599024732
396,0.31323486001003
397,0.224493680789585
398,0.136925134190957
399,0.128066094618373
400,0.141014888831181
401,0.159730140832156
402,0.151969168411191
403,0.120395647892174
404,0.211015167154753
405,0.142482966191756
406,0.173082223780014
407,0.133918098340858
408,0.118159053676393
409,0.0963634832941809
410,0.186387283751726
411,0.113160367427815
412,0.163056642502401
413,0.163077790056245
414,0.124096648032264
415,0.10067741732021
416,0.147837699037312
417,0.19043261507637
418,0.125328754611867
419,0.145463889202262
