Antibody,Cluster,D3L,P13L,D63G,R203K,R203M,G204R,G215C,Q229K,S235F,D377Y,S413R
11B12_Boston,9,2.77895577953871,5.57586862070251,-0.0625593863384852,0.750971106220842,-1.21450043099602,-0.465844644052532,-0.174412838375576,1.08627983920792,-0.169887416243464,-0.308302107187687,-0.238207546442193
17602_MaximBio,4,0.40525980318905,-0.345993658369656,-0.857640026457234,-0.0284287676786429,-0.278460157099944,-0.773840473961661,-0.854813817799419,-0.134581470836259,-0.264316044290782,-0.678551200523997,-0.442225988989345
17604_MaximBio,6,1.4008136389759,-0.0859483092945702,-0.785898040984969,0.0802928393494607,-0.497300222865447,-0.346176381005457,0.179849444723209,-0.196646514623455,-0.0461761381697162,-0.0477510510401096,-0.129819945205502
1A7_Quidel,6,2.65395619923955,1.1713715785216,-0.807002136404352,0.0191639894061249,-0.281278100369725,-0.0324003690527867,-0.615832025053893,-0.0876854813591244,0.0212070307488055,-0.344952703601034,-0.481067157466204
1C1_Quidel,2,2.35249790751252,1.67186390524495,0.385643923356247,0.15433005311349,-0.828245359954789,0.215719161755381,0.446367794751208,0.077355997702049,0.430813675027272,0.332864856700397,-0.136502958753212
2F4_GenBody,2,-0.746838287207724,-0.240917612021588,5.15246622345276,-0.66699645616252,0.41810161324456,0.291624713017373,-0.303757756153753,-0.175151693101831,-0.830908370715425,0.770381052114432,0.0168713610799034
3A7_Boston,9,2.13295572215281,5.5097566667709,0.0479963627381795,0.639825738037644,-0.728183895513997,0.166751838391611,0.171687452559348,-0.0475242107721754,1.40129016489926,-0.773667107317138,1.72007261905418
3C3_GenBody,2,4.16149687264252,-0.0148210494207819,-0.0413052963305854,-1.14952641499478,0.275078214680313,0.357856585962704,-0.0613873250009809,0.251189237324869,-0.256051448946737,-0.492554118576442,-0.405773859617647
5B1_Mologic,2,5.28096817422723,1.65243973590547,-1.15555815402485,-0.424092886608405,-1.11881100861637,0.195766812488602,-0.247116463618586,-0.119411160608919,-0.155825915564858,0.138639456887038,0.551270017438826
5E2_Mologic,5,2.83129211175226,1.66774115920781,-0.517286438265315,-1.0685257466929,0.333953624166309,-0.0163057402704076,-0.255674308467112,-0.487988386613948,0.0422856791944656,0.122971620244084,-0.271299908078071
9_UCSD,5,-0.56912585058948,-0.895989112252129,-0.582520622593902,-0.469896557847173,0.375312604087859,-0.12274837648312,0.567239352500532,-0.633770404321253,-0.39451652946247,0.436545638375387,-0.631192358469731
Ab063_CorDx,3,0.0973964028327526,0.184578408862251,-0.401873144876837,0.0189689186271253,-0.691996286725687,0.21434137166196,-0.906236063956028,-1.30554206970859,-0.184236561754434,1.58627282510283,-0.22492355935483
Ab1_PBMC,9,0.502652348788022,-0.537008243515621,0.712095068481918,-1.57482614841325,-0.178352467411209,-0.494928870054594,0.126101246711193,0.472843498818192,-0.241897696831422,-0.409083254687984,0.223722496652206
Ab166_Quidel,2,3.6223164225633,0.700789268988079,0.272817411727179,-0.287136617494093,-0.642605918438122,-0.211614649920455,0.253270382657027,0.0390626400685824,0.125566851885493,-0.465766351954733,0.286792178468058
Ab2_PBMC,2,4.70429153546167,1.15863053517428,-0.410869177594193,-0.0748720564059315,0.0550933829913998,-0.140460949038528,-0.185137958905285,-0.0754516101951789,-1.07273185276862,0.867462956054818,-0.244156735915589
Ab339_CorDx,2,-0.352191938182087,-0.546493932467543,1.2018521766683,0.0779071115848959,-0.110152692179299,-0.292485834213205,-0.607190320397351,-0.962315328310502,-0.975817205364818,0.4202540132766,-0.27738732225123
ADK-214_Abbott,1,0.964088184070004,-0.254937548839819,-0.528926121917115,-0.396849226705904,-0.641730473363635,-0.478781696823363,0.786504775111676,-0.557716676197553,2.23879365838941,-0.55869804580114,0.0452388063632584
BMRnp311_Osang,11,-0.0621186642042598,-0.579335566758395,-0.360970557948366,-0.786124701593559,-0.565468693927248,0.415667007950829,-0.326404065715294,-0.5492188755738,-0.931383712658053,-0.957663024055686,0.794245026377215
BMRnp314_Osang,11,0.84002621224866,0.392215293062442,-0.589386447943335,-0.703466555138898,0.858893451046013,1.27987026413976,0.0872249592522348,-0.378531097814818,-0.574053711367219,0.139745429666115,0.775630348238103
C518_BD,7,0.198640314654137,0.374121004842993,-0.144917421341302,0.141408457120775,-0.184205933107591,-0.367511378535323,0.128435969650989,-0.354269921183034,-0.0945585495054545,0.00988970311837401,-0.05219731937025
C524_BD,7,1.16980395946657,0.670341448479532,-0.160291181867919,0.547232779545894,-0.0419384572545232,0.185357483880481,-0.686620990904091,0.0519462697921226,0.454677844547436,-0.735089040601199,-0.314600962645919
C7_AvantGen,2,1.06154166877615,0.670968736368476,6.13260175959392,-0.562362259744282,-0.119390129974591,-0.158421316702019,-0.033140342735113,0.185293668854193,-0.439009010323692,1.09313573184081,0.0102933798690146
C706_BD,7,1.13382472303656,-0.176943711147718,-0.199567942828383,0.277349599852536,-0.0984508917128494,0.0854541440233288,-0.310528441343857,-0.509660219811896,0.373333574263523,-0.552018471480103,-0.318649362854983
C706_Osang,7,1.13382472303656,-0.176943711147718,-0.199567942828383,0.277349599852536,-0.0984508917128494,0.0854541440233288,-0.310528441343857,-0.509660219811896,0.373333574263523,-0.552018471480103,-0.318649362854983
C706_Qorvo,7,0.274934676183776,-0.202983455874485,-0.0313005574307372,-0.0588926906171342,-0.628085085320941,-0.147218941791201,-0.332142952937236,-0.605667635511688,0.435331546571094,-0.537085550966824,-0.434546836682857
C706_Twist,7,1.13382472303656,-0.176943711147718,-0.199567942828383,0.277349599852536,-0.0984508917128494,0.0854541440233288,-0.310528441343857,-0.509660219811896,0.373333574263523,-0.552018471480103,-0.318649362854983
Capture_iHealth,12,4.81644765999551,2.88454966951194,-0.760535367076363,-0.605053647157905,-0.484184367939348,0.261581800158008,0.0304848763641425,0.0616983327528826,2.85334716985952,0.57284957470119,0.047134879022162
Capture_Phase,5,1.7716631269855,0.654170469405319,1.7365265976424,0.250396754306471,0.602644601941687,-0.0214553487834377,-0.159306767382785,-0.17734828199801,2.11367773046628,0.10176438201034,-0.310106692973747
Capture_WebbDx,10,0.449026119379095,0.547691084928503,NA,-0.463628426630013,NA,-0.711304161747872,-0.706427042500665,-0.312941064470661,0.712039794852567,NA,-0.526722702368595
Clone07_Xtrava,10,-0.133109298301954,-0.754131633244356,NA,NA,NA,-0.838605596716691,-0.743957288347275,NA,0.963384384940785,-0.204368672401601,-0.877841397164578
Clone09_Xtrava,10,-0.102244730011516,-0.280055507852435,NA,-0.723563668462435,NA,NA,0.753830965814366,-0.639246029981703,1.04435198562756,NA,-0.411598755282103
Detector_WebbDx,10,-0.587609176186137,0.927532689870154,NA,NA,NA,-0.809773602784903,0.640854702568602,-0.0727839344722447,-0.548738945828854,NA,-0.553462625545499
F5mod_AvantGen,2,1.47149622762777,1.11642299973507,5.92664263081469,-0.302239367614293,0.0830112532192716,-0.170871393913525,-0.475335517931805,-0.689145484268523,-0.187027720334996,-0.153926637396006,-0.278502669078593
Fab4-biotin_LumiraDx,10,0.407404563172633,0.116680749514372,-0.971721373293276,NA,NA,0.351127051119432,-0.519784975770096,0.328640873511263,0.478986447778472,0.184760116954932,-0.248497293211807
Fab5_LumiraDx,10,3.53215720293144,1.67890104143397,NA,-0.306320594744668,-0.0265483343982676,0.897586749860303,0.0821724068753656,-0.175166552649831,0.703074856921536,0.1302732536125,-0.906769535336949
FPZ_Osang,6,1.63558213368236,1.57787173862036,-0.278421906091127,0.292155892198574,-1.19216839650392,-0.255010740410011,-0.378972862001554,-0.218021307311825,0.301026510947692,-0.824882401638203,-0.634095720633129
FPZ0639_BD,12,4.65991458768222,4.65991458768222,-0.458038435663392,-0.434643312991657,2.95203795249164,0.267930840451454,-0.718676164533728,0.269135970173182,0.00139299936316673,1.11801339507714,0.663161017370311
FPZ0643_BD,12,4.56155576660596,4.6281900505171,-0.528347341231711,-0.799463244889922,1.1052845609213,0.437818402306498,-0.70023259229403,0.520741309758054,0.588214474742595,0.912575943869711,0.237279387445875
HA811-36MB_Phase,11,0.829106262531838,-0.0814778749722594,0.354934409976621,-0.779089758602964,-1.10844100895201,0.605342948612499,0.454898963929658,-0.260778384579426,-0.727203581379629,4.41527739212968,0.676456365379419
HA811-37R_Phase,11,2.48669545784344,1.184921754198,-0.524189458931757,-0.682276014341967,0.179571729204173,0.10904225115364,0.0594011069061856,0.181991969898134,-0.199024719446723,-1.07013273340628,0.955389987689713
Labeling_iHealth,12,4.45486870021421,0.750110712559097,-0.321287605633884,-0.604359179539374,0.662199686337203,0.0281125635148996,-0.648806220212247,0.820559798952177,0.92653380834068,-0.10996675130016,0.232186957692646
Labeling_Phase,4,1.12500168791773,0.929007263518153,0.939735380652535,0.554063944951335,-0.713562172947599,-0.566003235209357,1.15521611538778,-0.143844943087018,3.25196383004463,-0.40165118845162,-0.52207597762613
mAb-1_LumiQuick,9,1.17487299220217,-0.0787525137153713,-0.59814254285444,0.705791336763112,0.0173022861133007,-0.264391407794031,0.0117811325656508,-0.0542895835298126,0.404299067758105,0.62713871268454,-0.365500312427145
mAb-2_LumiQuick,7,0.415578101616285,0.137272804730094,-0.697222791027298,0.107069001922066,-0.572531618493689,-0.206191905439044,-0.720770563806113,-0.226083583528024,0.760263571386289,0.34553074013301,-0.189591111131289
mAb-L_ACON,4,1.92896883462169,1.92379975714024,0.0841892237341146,0.584215347860547,-0.977815406455229,-0.230835104706028,1.09859505818699,0.0842767793019019,2.51476414084881,-0.460160091273278,-0.500216998668264
mAb-N_ACON,2,0.799223600425954,0.16029381592474,0.616512030978973,-0.147609331826659,-0.958030546448991,-0.72057237284044,-0.338419965148139,0.0691735149272584,-0.00493256699453178,-0.500096903005799,-0.514013453765067
mAb-OTI-1_OraSure,3,2.29642366321126,0.44827052587817,5.5064447514805,-0.21834188717045,-0.353286944232539,0.336253703140919,-0.13350724152419,-0.759537633759522,-0.253847614001441,-1.56897445682472,0.529258417223294
mAb-OTI-2_OraSure,4,0.457711010222814,-0.716040854832904,-1.01853178576194,-1.07510077909746,NA,-0.493378078499355,-0.234877694058206,-0.376440108608006,0.213306383143199,0.0418488179907316,-0.293963168548949
mAb1_LumiCOVRAT,6,0.350249255547702,-0.11076590747646,-0.438159298723422,-0.333539991241181,0.0559699241282486,-0.250661743632342,-0.335532598101375,0.131007381761526,-0.174960936888735,-0.53769206061429,-0.506842786883967
mAb1_LumiFluCOVHT,2,5.65760444692054,0.734450586506818,0.858987060023555,-0.268516441712312,-0.158332910167923,-0.391183766101022,-0.398151702593507,-0.65995144863732,-0.21173802332381,-0.848991168096109,-0.529198509810624
MAB115_Watmind,4,0.13944904512283,-1.08997195750335,1.12814986172475,-0.181904774093933,0.1283537930193,0.566860477766993,0.830808392626624,-0.070175157299424,-0.243863947307563,-0.821642395640017,0.111913238788603
Mab117_Healgen,5,0.327761714956765,0.266969322942912,0.434145877121528,0.0672348368014669,-0.311299876917097,1.71590993848529,-0.803062294045318,-0.745615233925141,0.262305059442309,0.601373344296652,0.0879680448205094
MAB117_Watmind,4,0.930285892736375,0.0904037539666924,-1.38567016650465,-0.776816845658674,-0.15942381342869,0.710925021826247,-0.611550733977967,-0.48540828007578,0.848126365179642,-0.0958889167665327,-0.529768871802029
Mab15_Wondfo,12,4.23269635346881,4.23269635346881,-0.153559344228345,-0.270224995797811,0.831212446996882,0.936241611163751,1.10532355601364,1.35630656770531,2.26659676403279,1.41026115181023,0.295223063065257
Mab19_Wondfo,12,3.54865912682728,4.37639392875541,-0.275918279547241,-0.76704370513822,0.349161639602476,0.661475026305656,-0.210340484640541,0.642554982213515,1.11283785415561,0.416904003012284,0.168731821155014
Mab2_Healgen,4,-0.913273856400436,-0.931339172083206,2.85376818953474,-0.253479518868793,0.253425079520582,-0.57499113177423,-0.435571224305546,-1.03357871327782,-0.53145957895585,0.690047602799665,-0.424614907618498
mAb2_LumiCOVRAT,6,0.951229619918068,0.115760179451788,-1.39579638232984,-6.77775945515395E-05,-0.623066674800449,-0.189025462278283,-0.606311162945526,-0.286831385289532,-0.0103534575991725,-0.732857219812251,-0.705715098891008
mAb2_LumiFluCOVHT,11,1.72744686184546,1.26024857534107,-0.412210160067999,0.0711043981904213,-1.01499385025992,-0.218601626748145,0.477916321427559,-0.354581526708415,0.253007037537675,0.282062774236808,0.0502170120970816
mAb22-048-C_Roche,3,1.1017828790004,0.450909245571465,-0.17286001213304,0.202927999197659,NA,0.0488110696172417,-0.589162192080445,-0.060336631268639,0.362146311819345,NA,-0.483645558385283
mAb4_AzureBiotech,8,3.18920165260943,1.66598468292902,0.0120627687779907,0.667199944278255,2.52866587984076,0.158346255839628,-1.03549658294823,-0.952062897463535,-1.93320368188674,-0.235249326195064,0.35181159603731
mAb5_AzureBiotech,4,2.5830365608988,1.72202972952648,NA,-0.476448999636879,-0.537029355938871,-1.05434944773001,-0.13690323826462,-0.507144266657794,-0.117921186424737,-0.659258557557442,0.154216468660267
MAD4904_Roche,3,1.43720732919952,0.873103656872378,NA,-0.109728351895431,-0.567094347586056,0.603170495619486,-0.366978510109248,0.409274689381345,NA,-0.183608988679479,5.47323384703489
MM05_Ellume,4,0.798109427760738,0.144332911322346,-0.144600871934335,0.729865076698113,0.290932749356682,-0.348356707060411,-0.154477577949539,-0.145415168464638,2.29250799973282,-0.0919424966010205,-0.395006043692803
MM05_Quanterix,4,0.798109427760738,0.144332911322346,-0.144600871934335,0.729865076698113,0.290932749356682,-0.348356707060411,-0.154477577949539,-0.145415168464638,2.29250799973282,-0.0919424966010205,-0.395006043692803
MM08_Ellume,7,-0.0265680269905682,-0.532350628435805,-1.04725360508911,-0.369983127798138,-0.170230344406832,-0.294748051906092,-0.329087049531626,-0.407300746157079,0.023641184534771,-0.348034912492161,-0.534131151867782
MM08_Twist,7,-0.0265680254194262,-0.532350629884518,-1.04725360566005,-0.369983127823904,-0.170230342373241,-0.294748050456565,-0.329087051163391,-0.407300744040425,0.023641183336203,-0.348034911065685,-0.534131151650291
N-Ab-3_ANP,2,2.26710122049933,0.453477325578892,0.307949709096659,0.0972215459447442,-0.387810365110384,0.130859672834809,-0.544972140350524,0.366308302209439,0.496201109844603,0.17134308971387,-0.609907123119616
N18_Abbott,12,0.0202446466208953,0.311080189521164,-0.592509003711053,-0.310222660424123,-0.451981373147605,0.685185219860132,-0.699430140236142,-0.488933846114096,-0.411615978086812,-0.753836250941657,0.195520346096009
ND1_NanoDitech,1,2.31745459395018,0.789130287589765,-0.588781483282089,-0.0541328827406744,-0.466671496695059,-0.214618739744262,1.21070160893183,-0.223255119420065,2.01419145770719,-0.632822186176795,0.625164786979015
ND2_NanoDitech,5,1.42692906204472,2.05468953776928,1.38286321896509,2.01034792017568,0.459229276175809,0.250231658832671,-0.588493917223708,-0.426559158547467,-0.110190684814635,0.596723191056646,-0.419717719311567
R001_Quidel-Ortho,11,-0.311276212091924,0.595429240666819,-1.04333918978104,0.10260253019637,-0.0983559342673089,1.40165546119372,0.238967202511008,2.50214229039957,0.212651213116956,-0.208404617187895,0.741363363670199
R004_Quanterix,6,1.82186070324121,0.201773004725624,-0.325528550552615,0.35038187095018,-0.102437317482573,0.326121774785751,-0.867266570635631,-0.574815100427119,-0.156466873851814,0.0554493453390855,-0.385139347320759
R0112_Access,12,0.523744083812196,1.89375167197632,-0.142468423981179,0.116756641459493,-0.698258252969558,1.44306124922417,0.00687218528687544,0.363250293758368,1.32378860435688,1.27859474749822,0.873514069411623
R0113_Access,12,2.10940180130831,3.69110173864485,-0.17970671173491,-0.769918135277709,-1.16766392208467,0.838446277886769,-0.24456847111426,0.207008390067973,1.08125377591107,0.0487952911635399,0.821463282465105
R040_Quidel,5,0.760677787342324,-0.0211138804632722,-0.776327485324311,0.158491660608272,-0.263125812198389,-0.522665595551258,-0.0800676077379549,0.145190548333955,-0.302416525485561,-0.403560814810196,-0.503249073760065
rSN-122_Siemens,10,0.551288554711278,-0.0354981517859966,0.0809444982416501,-0.448471509058948,NA,-0.964771329960515,0.623092960345447,-0.724223024161374,0.351589016782398,-0.387354996784379,-0.665143555893662
rSN-25_Siemens,10,0.571840984638261,-0.167586353362163,NA,-1.03002440941947,0.731566723938235,-1.0598230981653,-0.948207565603807,-0.57178463381487,1.376200516792,0.0484407472068453,-0.498025875301662
rSN-327_Siemens,3,1.84060153193532,1.59871399660029,0.683517806668029,-0.315866988524542,0.419851895364466,NA,-0.181070176883012,-0.793665409211048,NA,0.986701724753455,0.0469849784261626
rSN-69_Siemens,8,-0.091143359197956,0.421009494103352,NA,-0.75118972272826,NA,0.090461524671701,-0.317668258192997,-0.497618464548183,-0.65990326760702,0.670453661675062,0.480494365786285
S32213_Sekisui,1,4.4013116514659,2.08118270139834,-0.474842061451236,-0.652626231282227,-0.144830518485975,-0.357612901231293,-0.0606092719060056,0.208567399608997,2.40091405246838,0.570175544746422,-0.282907764946099
S32217_Sekisui,1,4.51755606285446,3.58539435485429,-0.938822594075377,0.175807533324413,2.09850517952551,-0.0714646889486441,-0.758455772715852,0.129818004901111,0.909337222617975,2.04564845834245,0.00337332656544772
SNS-25_Siemens,8,-0.0998065612210267,0.617202523758552,NA,NA,NA,1.97858522413335,0.528344248728474,-0.438158840007313,0.446056368556007,1.68883925604006,-0.84715427902374
