Mutation,Escape_Score
S2E,-0.775697716090297
S2F,-0.474887921579563
S2I,2.52135051658069
S2K,1.31458368525711
S2L,-0.801073530257055
S2T,-0.499776464659546
S2V,-0.708192416396404
S2W,0.589936860761989
D3A,0.499950990608958
D3C,-0.919074351671999
D3E,-0.793838627741039
D3F,0.366468746630236
D3I,1.13412961325896
D3L,0.190799748603396
D3M,-0.723336577081885
D3N,-0.519846237500593
D3Q,-0.134094017568484
D3R,-0.674493936717921
D3S,0.0679379766164918
D3T,-0.313165654454029
D3V,-1.05442346219576
D3W,-0.488607281601915
N4A,-0.1497661690655
N4C,2.02395359027664
N4F,-0.253863816840362
N4G,-0.385800446968772
N4I,-0.874600669573139
N4L,-0.820833847382559
N4Q,0.280380597680341
N4R,0.136688396311451
N4V,-0.689986221454521
G5C,0.0820362923654993
G5D,-0.56618536810935
G5I,-0.927274146645626
G5K,0.195825518909325
G5L,0.393775921190299
G5M,0.213821111230536
G5P,2.18981865932127
G5Q,0.133909449757122
G5R,0.902584343289947
G5T,-0.958539313270771
G5V,-0.943683632403647
G5W,-0.785848970686416
P6A,0.530296053118372
P6C,-0.222950267935428
P6D,1.78450818486495
P6I,-0.55666354163
P6K,0.698696751872964
P6L,-0.764989576719279
P6S,-0.868868144862192
P6T,2.1826907160089
P6V,-0.943300358136194
Q7C,-0.83736604127904
Q7H,0.179203955141147
Q7L,-0.817315852248801
Q7M,-0.937892829996376
Q7T,-1.02774608763822
Q7W,-0.189007612576252
Q7Y,-0.491197075896585
N8D,-0.332491607941748
N8E,1.24308235254522
N8I,-0.0230951200320346
N8L,-0.978162919006364
N8Q,-0.823512082846233
N8R,-0.362330206589056
N8S,-0.373419226700776
N8V,-0.602787109425355
N8W,0.317035911495597
Q9D,-0.412030704378529
Q9E,2.67309113088594
Q9F,2.32179711070741
Q9I,4.3765087835842
Q9L,0.39945974514226
Q9M,-0.824170881442931
Q9N,-0.837635802151411
Q9R,-0.736964903326599
Q9V,-0.311815883210747
Q9W,5.8020394793709
R10E,-0.0497279759864668
R10F,-0.776192837875289
R10Q,-0.253100567315979
R10V,0.328610919342041
R10W,-0.466151277953809
N11F,1.48971935997886
N11G,0.74951603006786
N11I,6.32290489652554
N11L,0.297978468779747
N11P,1.82481884152587
N11Q,0.378592121202274
N11R,-0.921824391361888
N11V,0.787287159891641
N11W,-0.93005361518577
A12C,0.106651115565005
A12D,0.728725550743163
A12F,3.48892497696855
A12G,-0.785741509682337
A12I,-0.737384744162375
A12K,-0.447308292621056
A12L,0.29410261379873
A12N,1.19646456142014
A12V,-0.375846687230398
A12W,5.51546288309469
A12Y,-0.657408133581184
P13D,0.261499825043188
P13E,3.58748869701084
P13F,-0.334077304635202
P13L,-0.776205377806099
P13M,-0.852875460322698
P13N,-0.403776155999862
P13Q,-0.12655207087764
P13R,0.124359774783208
P13W,-0.453245743877641
P13Y,0.47276396721704
R14E,-0.455876268711117
R14G,-0.933954985588475
R14I,-0.176295473027741
R14K,1.19101696293279
R14N,0.88966561471823
R14Q,-0.379475654115434
R14T,-0.525219662295338
R14V,4.01271918848977
R14Y,2.32366136167109
I15D,-0.0430928467436625
I15E,-0.0402132401715631
I15H,-1.01910211607459
I15P,-0.81735619644701
I15S,2.38024747986585
I15T,-0.515427874945051
I15V,-0.791469480354342
I15W,-0.964615141338261
I15Y,-0.853784379742459
T16C,-1.02606101951282
T16K,-0.905754542638857
T16L,0.31310109068506
T16M,0.805659837996348
T16V,-0.125533565412986
T16W,-0.641068501174674
T16Y,-0.124713516831566
F17D,-0.950034150012425
F17E,5.61916195891128
F17G,-0.930953482558209
F17I,-0.342728366435657
F17K,0.176461539548258
F17M,2.03283307163814
F17Q,-0.939000057360165
F17R,0.338943919172344
F17Y,1.95304407020997
G18D,-0.468093231985299
G18L,0.559594579190944
G18M,0.926718261495165
G18P,0.90248687743732
G18W,-0.795473560181351
G18Y,-0.591657952671553
G19C,-0.822406279358446
G19F,-0.879610857763297
G19I,0.26527338112662
G19L,1.01303094824302
G19M,3.86710634665084
G19N,-0.833989695222787
G19Q,0.763382587800999
G19S,1.48361379359401
G19V,-0.980868130204087
G19Y,-0.889203151425354
P20A,2.24967031726749
P20E,0.158028731782927
P20I,-0.895679076336691
P20K,2.96320773759855
P20R,0.946002938223632
P20V,-0.263163846816475
P20Y,-0.947136728253132
S21G,4.36327817456386
S21I,-0.72376213225149
S21K,1.45502324341772
S21M,-0.155384632559698
S21N,4.49746339441165
S21T,1.47566735330931
S21W,-0.546345244787649
S21Y,0.138316723169906
D22H,1.10512075144081
D22I,0.246760419801934
D22L,-0.810527786271526
D22M,-0.916007335943774
D22N,3.45258926250765
D22Q,-0.99358074769646
D22R,-0.0913782745602873
D22S,2.47354424009724
D22V,3.60747925426384
D22Y,0.123216661549982
S23C,-0.922707568520454
S23D,-0.0677930158544585
S23I,-1.01611775345984
S23K,-0.261399874032263
S23L,-0.33556300929418
S23N,-0.978870344957777
S23P,-0.431489155196436
S23W,0.0463183304320828
S23Y,-0.294258024689077
T24A,-0.257602172323041
T24E,-0.774994334926217
T24I,-0.973316487599594
T24K,-0.335591384777915
T24L,0.0531761787282599
T24M,1.3130649624554
T24N,-0.985426980515653
T24P,-0.624249744486751
T24Q,-0.987960477876175
T24R,-0.124816789524863
T24W,-0.518763866275828
T24Y,-0.377663817595069
G25F,-0.616381290716538
G25H,0.134771524351292
G25N,0.709618588686928
G25P,4.02030480537465
G25R,0.123377575249435
G25T,-1.06538076972054
G25V,-0.809675636353291
S26A,-0.629180210138221
S26E,0.18206169898087
S26F,0.358172503538907
S26I,-0.678014457132109
S26M,-0.117739599803162
S26Q,0.0317398745871545
S26R,-0.911773096650463
S26W,-0.481806623294786
N27A,0.669986527663232
N27E,4.80419682890201
N27F,0.144178979651808
N27I,-0.81753250535585
N27K,0.226271235046585
N27L,0.863619331726156
N27M,4.59280191894365
N27Q,-0.216846189945047
N27T,-0.931944796673483
Q28A,-0.405990335995884
Q28C,0.416196583414981
Q28F,-1.04019651783463
Q28I,-0.400507292460631
Q28K,-0.990843010223464
Q28L,1.93427130057467
Q28M,-0.396962003196111
Q28R,2.34694126659741
N29F,-0.982628172447601
N29H,-0.899541567498106
N29K,0.186405140558643
N29P,3.34224269601382
N29Q,-0.551193874265173
N29R,-0.751695732266268
N29T,-0.694915533098791
N29V,0.886236212203036
N29W,-0.525061914161343
N29Y,1.5182920366633
G30A,2.87974991933469
G30C,-0.88560746109662
G30H,-0.410866942037342
G30I,-0.319146209531054
G30L,3.15581567243059
G30N,-1.05275372809215
G30P,-0.39218217983192
G30Q,-0.988420963845596
E31A,-0.893399379698721
E31C,-0.430672595943497
E31D,-0.909656472921388
E31F,3.24981659447608
E31K,2.62983643868437
E31L,-0.942437509041401
E31Q,-0.115851577562823
E31R,-0.318682610711287
E31S,-0.98440063236282
R32D,-0.687690338943019
R32F,1.52319632418066
R32L,3.87737808507481
R32N,-0.557727089169575
R32P,-0.400232044636197
R32S,-0.305575721497107
R32T,-0.91819098544596
R32W,-0.61972222812785
R32Y,-0.736642744226545
S33E,0.388109658841925
S33V,-0.243567372384179
S33W,-0.5309946072169
G34D,-0.941722453580552
G34E,-0.416744663558985
G34F,-1.01525789074736
G34I,-0.723502418316711
G34P,-0.571953217731773
G34R,2.96544692139868
G34S,-0.64583157733908
G34W,-0.26944096255974
G34Y,-0.367559081755555
A35E,0.164000406993869
A35G,-0.122886892110283
A35H,5.01972833370608
A35L,-0.151857722369251
A35Q,-0.761522313494158
A35R,0.828253939891628
A35S,-0.109531774022878
A35V,0.741883697139819
A35W,-0.644775001445348
R36A,1.05499235360254
R36C,2.12942053762998
R36D,-1.08545108165588
R36E,-0.503223575884202
R36F,-0.0219387163638384
R36G,-0.499750406301066
R36I,-0.805542107210804
R36L,-0.934816218942745
R36M,-0.0977008211699402
R36N,1.93549145765839
R36Q,-0.0222032992543697
R36S,-0.947081565612778
R36V,-0.0162178009312966
R36W,-0.82324742412187
S37A,-0.763017189215174
S37C,0.113848172244056
S37E,-0.528172190082477
S37F,0.705737657909213
S37G,2.09185248681125
S37I,0.927454887833455
S37L,-0.482327273538393
S37N,1.58896260530241
S37P,1.16132193555722
K38A,-0.664256911099386
K38C,-0.00381621861396248
K38D,-0.862790505888243
K38F,1.29245511006973
K38G,0.0957127126445488
K38H,-0.873386841535214
K38I,-0.721630450301287
K38L,-0.842759184343985
K38M,-0.514200133323787
K38N,-0.719294878070958
K38P,-0.628467401156324
K38Q,-0.519094082471951
K38R,-0.21102747531722
K38S,-0.830637690919259
K38T,-0.833486935442238
K38V,-0.783004109939124
K38W,-0.780433089415006
K38Y,-0.771752450607128
Q39A,-0.373716612755304
Q39C,-0.516554753651744
Q39D,-0.646286184620586
Q39E,-0.571150433774073
Q39F,0.526038837989243
Q39N,0.831232164108491
Q39P,-0.0404381923895267
Q39S,0.617025099850919
Q39T,0.397697960937192
Q39V,1.09620080800387
Q39Y,-0.652292202263845
R40A,-0.949758412655822
R40C,0.994386748180275
R40D,-0.71329610960043
R40E,-0.241651392597736
R40F,-0.79321979214742
R40G,-0.70384957692294
R40I,-1.00664436054341
R40M,-1.09699572296126
R40N,6.32290489652554
R40P,-0.892983149309726
R40Q,-1.06201442149333
R40S,-0.54589996295626
R40T,-0.937765917979358
R40V,-0.835464289575663
R40W,-0.116835617333637
R40Y,-0.752674033342984
R41A,-0.9721888915823
R41C,2.48388182161196
R41D,3.05145102491021
R41E,0.422581953718531
R41F,0.982609646182476
R41G,1.31845298854366
R41H,-0.30204055804168
R41I,-0.0294496557920719
R41K,1.85290132053832
R41M,0.0208864950960041
R41N,-0.413124612237398
R41P,1.38042555259035
R41T,0.586735824040848
R41V,-0.285228959342852
R41W,1.39058461805111
P42C,0.629981524459038
P42D,2.87877615187758
P42E,3.42501223367839
P42G,3.99958736494209
P42H,1.79148017591675
P42I,-0.828950682835288
P42M,0.703580767785735
P42Q,0.388489407586026
P42S,3.52324858693158
P42T,0.352298313415118
P42V,3.2037049462386
P42W,-0.191522018768276
Q43A,3.78670446831579
Q43C,2.0543045019447
Q43E,-0.3867719434991
Q43F,2.80497162575618
Q43G,0.296425805048545
Q43H,0.484198637250675
Q43I,2.93346004417645
Q43K,-0.402055313665651
Q43L,2.78762955883006
Q43M,-0.181134245835379
Q43N,3.81572783670673
Q43P,0.901378435826577
Q43S,3.13752858641334
Q43T,3.50834933179733
Q43V,-0.0969780913243423
Q43W,1.01248825801857
Q43Y,3.17831210296392
G44C,-0.094955278068987
G44D,0.357823806501852
G44E,3.22204515051555
G44M,-0.729001687809074
G44P,2.54545695796316
G44Q,0.259409396972883
G44R,0.838973970422562
G44T,0.979429069071463
G44V,0.248530410428472
G44W,3.05358563530102
G44Y,2.12940683699052
L45A,0.203674614775376
L45C,1.49021220435527
L45D,0.836920738232143
L45E,-0.761918567692243
L45I,2.59283511197349
L45N,-0.413537213968964
L45Q,-0.677400745395196
L45R,-0.595211081626643
L45V,-0.279073895889932
L45W,1.99116151977632
P46A,0.208194354567351
P46C,-0.86958785819622
P46D,-0.819073094124285
P46E,0.587190364233357
P46F,-0.851856991764373
P46G,-0.832514166858713
P46L,0.332420532993824
P46M,1.26131129263793
P46N,-0.474972472898304
P46Q,0.451408542832733
P46R,-0.977393573404284
P46V,-0.95978666547995
P46Y,0.145075241557609
N47A,0.242133319592448
N47C,-0.716908266285404
N47D,0.42891280629649
N47E,3.41744744598118
N47F,-0.838946296613113
N47H,-0.291024846612771
N47I,1.76249640951975
N47K,1.41734514734926
N47L,0.731072184415437
N47M,0.166478267683432
N47P,0.724497252534955
N47T,4.22801554891883
N47V,-0.649900131726
N47W,3.84298186455832
N47Y,2.86993803051337
N48C,-0.373109074181753
N48D,0.599351014207018
N48F,0.725758557408154
N48G,0.413337680919376
N48I,-0.689203208143451
N48L,0.633267436632323
N48P,5.56080228847838
N48Q,-0.598233812830776
N48R,-0.758172636145505
N48T,-1.0604893149009
N48V,-0.8316010793694
N48W,3.41808149390746
T49C,-0.87214077848992
T49E,-0.228266900323914
T49G,-0.447537329733224
T49K,-0.761635261590752
T49N,-0.905166035761443
T49Q,0.846410624976057
T49V,-1.00036610543786
T49W,-0.701121892483464
A50C,1.61092358469195
A50D,6.32290489652554
A50E,-0.355149951889081
A50F,0.531273534745635
A50G,-0.885895387032539
A50H,3.6567711329876
A50I,3.98623513130059
A50K,4.06537193182581
A50L,3.61194594924669
A50M,2.55577221526757
A50N,0.67055155830308
A50P,2.56748925521826
A50Q,0.676280071429975
A50R,2.50050298065394
A50T,2.04505871974852
A50V,0.783010355239842
A50W,4.05201604326273
A50Y,4.05282949469766
S51A,-1.05716239565013
S51C,3.09140355600368
S51D,4.66950359251921
S51E,0.554290599198742
S51F,4.97984824705348
S51G,0.391320017158745
S51H,4.79158386135394
S51I,3.13500776075172
S51K,0.0414925184941715
S51L,0.0204335710066833
S51M,3.85369301027301
S51N,0.168580989901824
S51P,1.8320054221476
S51Q,1.46182787712485
S51R,0.752512137119858
S51T,2.1421857888118
S51V,3.69392568577004
S51W,5.18445774010347
S51Y,3.29172530163675
W52A,-0.591978651547537
W52C,-0.769604174152179
W52E,0.550617090158865
W52F,-0.695892454609127
W52G,0.369163717583322
W52H,-0.947610200713708
W52I,-0.508313388104552
W52K,-0.901533674369838
W52N,2.84089832861113
W52T,1.01564732379844
W52V,-0.970144976532196
F53A,0.738693641257596
F53D,2.00890888290553
F53E,0.552424625754911
F53G,-0.888186687175314
F53I,2.82908525856039
F53L,-0.472194383346855
F53P,1.37399978950557
F53R,-0.178942927111779
F53S,0.63196196880805
F53T,0.789945131906254
F53V,3.1368726543887
F53W,-0.495565289591757
T54A,0.39917596830821
T54C,1.26927039916528
T54D,0.0860337077181028
T54E,-1.01136376316626
T54F,-0.76251136883395
T54G,-0.738132837076683
T54H,-0.77080761521774
T54I,-0.540678060735702
T54K,-0.0482453383418879
T54L,2.79868382492278
T54M,-0.808262466347227
T54P,1.173326661023
T54Q,-0.983835436289109
T54R,-1.02640717180853
T54S,1.93321814642592
T54V,-0.636355199859047
T54W,-0.395919901824014
T54Y,-0.884645558896116
A55C,1.65574806366921
A55D,0.0171459490958906
A55E,2.717475564629
A55F,6.32290489652554
A55H,0.0350122992490594
A55I,3.69545935069587
A55K,3.16847468738994
A55L,3.13348260575044
A55M,-0.112658043286854
A55N,1.51060626833297
A55P,1.76941773930581
A55Q,5.01396037481139
A55R,1.41151049837779
A55T,-0.385346666538161
A55V,3.24424358996231
A55W,2.86050650993952
A55Y,4.20059883303768
L56C,-0.063616812672832
L56D,4.0928909257506
L56E,4.08557416441601
L56P,0.0239718645027084
L56Q,-0.977463863478355
L56R,-0.799545033462817
L56S,0.723637419902023
L56T,-0.902011671232572
L56V,-0.706502859111396
L56W,0.28311795390819
T57D,1.47320618462741
T57K,-0.46654391485322
T57P,-0.0570025817981082
T57V,2.47699597169903
T57W,0.00971822420486213
T57Y,0.858176778899421
Q58A,-0.255025796849197
Q58C,4.51354322507567
Q58E,-0.739061503892759
Q58G,2.44110941806723
Q58H,0.424807180673676
Q58L,-0.614517186206555
Q58M,-0.937308036600142
Q58N,-0.232892103064544
Q58P,-0.882449618633639
Q58T,-0.411626091413756
Q58V,0.245092636347469
Q58Y,-0.49266321992857
H59A,1.42958192181716
H59F,-0.0264666782931789
H59G,-0.713814433468773
H59K,-0.727235242294899
H59L,-0.606265600563109
H59P,0.0918080827670884
H59R,-0.138636922745233
H59T,-0.789317213408955
H59V,-0.709257251216921
H59W,2.13288674459351
H59Y,-0.99924956428458
G60C,0.169296334583487
G60D,-0.246785709005673
G60E,-0.141464498841004
G60F,2.72505925979732
G60I,-1.02748828998245
G60M,2.36233122268479
G60N,-1.05512100432225
G60Q,-0.811147934326076
K61A,-0.733515380881142
K61F,0.217215984686605
K61I,-0.782710016666895
K61N,2.51884667067624
K61P,-0.591819298247479
K61Y,-0.831608082553386
E62G,-0.579725107727337
E62L,-0.895130635340026
E62M,-0.982078359746554
E62R,-0.0725379125825317
E62S,0.965603464856034
E62W,3.20548541151408
D63I,-0.919230920833675
D63K,-0.909913765459163
D63R,-0.660248835316262
D63V,-0.118993365892437
D63W,0.842476719853817
D63Y,0.243082436156771
L64C,2.35533374411476
L64D,0.786301632847776
L64E,-1.0216263105803
L64F,-0.888031144712998
L64G,-0.860364369282576
L64H,-0.328858301533676
L64K,-0.0965698395344906
L64N,-0.921278099041681
L64Q,-0.669935127921023
L64R,0.232719586245426
L64W,-0.656492071182745
L64Y,-0.840797816549212
K65D,-0.32860237638526
K65G,-0.417969701699588
K65H,-0.115502404626225
K65M,-0.486815644986959
K65R,-0.160450548845701
K65S,-0.930471053854195
K65V,-0.963086869526056
F66A,0.0294010597233874
F66C,4.15214366050916
F66D,1.22545884374007
F66E,2.04445977783457
F66G,2.95460082113606
F66H,2.62572744180569
F66I,-0.659281484358473
F66M,-0.520839284496145
F66N,3.6698568435217
F66P,0.957480073726083
F66S,1.49844190209141
F66T,3.95414314083091
F66V,-0.761448850148528
P67A,-0.753885654924479
P67C,-0.719652626380521
P67E,-0.60980245195983
P67F,0.174110172604363
P67G,3.8077201929614
P67H,3.16454223414309
P67I,-0.938623290991149
P67K,-0.886630657385346
P67N,-0.612370146284286
P67S,-0.934083940974
P67T,-0.688890827574579
P67Y,-0.81987489084423
R68I,-0.747772473451147
R68K,4.43873122917214
R68L,1.48472352458899
R68M,4.10506380655436
R68N,-0.464618867355562
R68P,1.28509976044422
R68S,-0.913322756827871
R68V,6.32290489652554
R68W,-0.899809143136365
G69A,2.18925127022001
G69C,-0.598681066584225
G69D,-0.448099856728826
G69F,-0.672606041759382
G69H,-0.302185423820717
G69I,-0.627956370163048
G69L,1.9660075048132
G69M,-0.500657986714439
G69P,1.08809548669074
G69Q,1.19863744971797
G69R,-0.0576981287963783
G69S,-0.39626480229551
G69V,-0.0119760572989021
G69W,0.125937511438851
Q70A,1.97517033732894
Q70C,2.4950252063074
Q70K,2.1923871350008
Q70L,0.748021761522939
Q70M,-0.561568519605967
Q70P,-0.764646657718474
Q70R,0.935499579021373
Q70S,-0.183421612748769
Q70T,-0.864500548265783
Q70V,-0.305090926786874
G71A,1.54268362218837
G71C,-0.260546685406187
G71D,3.2134186114563
G71E,1.86902578528549
G71F,0.277842112026605
G71H,2.57299483454021
G71I,3.06795481257351
G71K,-0.0236467209409264
G71L,1.72952843044495
G71M,0.41706414087491
G71N,3.35382670937311
G71Q,0.802268528886779
G71R,0.0919269991992542
G71S,0.881313806514185
G71T,1.80014784768047
G71V,3.10901288449415
G71W,-0.673150915518066
G71Y,0.511176405007746
V72A,2.77577478750426
V72C,3.18774918193475
V72D,3.21495691691083
V72E,4.55563979535472
V72F,-0.845401904111896
V72G,1.62457451422646
V72H,0.575958816841534
V72I,-1.08898361235262
V72K,0.515559167411665
V72N,0.372852144589167
V72P,0.0188001370304317
V72Q,0.841780699802443
V72R,0.3545085772618
V72S,3.47152847888814
V72T,-0.537697613993309
V72W,1.53561728215738
V72Y,-0.483768546602922
P73A,0.404725780921801
P73D,3.50661012581319
P73E,1.05356224766157
P73F,6.32290489652554
P73G,3.4693129774025
P73H,6.32290489652554
P73I,2.9751383647575
P73K,3.2841952383009
P73L,3.31027315035942
P73M,1.29527822289032
P73N,1.85054476839014
P73Q,3.34550395870361
P73R,3.46982165751964
P73S,4.3574876943336
P73T,-0.542841870953516
P73V,0.746618386649875
P73W,4.14640634135992
P73Y,1.78632982366616
I74A,-0.56746361731999
I74C,-0.815538813666739
I74D,-0.865290817247788
I74G,-0.582068894403542
I74K,-0.0256882986829705
I74L,3.79496164128447
I74M,-0.88130250042181
I74N,-0.92974197611857
I74P,-0.118554190543275
I74R,-0.813325885071107
I74S,-0.802837394518679
I74V,0.84758313296756
I74W,-0.900116118202806
I74Y,-0.687161128377251
N75G,-0.81548257933051
N75I,1.9175902855611
N75L,-0.53211462080867
N75M,-0.138238587680357
N75P,0.284496715049995
N75W,-0.607431755842182
N75Y,0.142237464687494
T76E,1.16444080545544
T76F,-0.71042205830931
T76M,2.02151178175743
T76V,2.19900238157273
N77E,-0.853394216746084
N77F,1.02888402386098
N77H,6.32290489652554
N77L,-0.429254441839208
N77P,0.735069697829028
N77R,-0.0401109429029905
N77S,-0.555957238985354
N77T,-0.469415823025727
N77W,-0.859567799720762
N77Y,-0.183440604384013
S78A,1.05605123485879
S78E,-0.233291466528136
S78H,-0.380730342817159
S78I,-0.323925387385187
S78K,-0.265897617975482
S78M,-0.947938821762713
S78N,-0.95092638166928
S78Q,-0.894981578143736
S78T,-0.523222908787131
S78V,-0.573441682528064
S79A,0.633356831264116
S79D,0.144166862426692
S79K,0.128104193819307
S79M,0.339965905732267
S79P,-0.955522164079103
S79R,-0.85710618868533
S79W,4.4701312645233
P80C,-1.05247953158663
P80D,-1.03117976677843
P80G,-0.456436636719318
P80H,-0.28255591063397
P80R,-0.980810353096275
D81A,-0.818988760994631
D81G,0.484479801961681
D81H,-0.154673075493328
D81K,-0.644187931293995
D81N,-0.379475654115434
D81P,4.27593433187395
D81R,2.62409197836502
D81S,-0.897128693790815
D81V,-0.424169361916273
D81W,-0.586116770020043
D82A,-0.670763159700316
D82C,-0.437085610086366
D82E,-0.85231359474768
D82I,4.1700309924514
D82K,3.12728503815795
D82L,-0.301908989184049
D82M,-0.553264252038912
D82Q,2.95527033374944
D82R,1.17868546528333
D82T,0.0312296856853515
D82V,-1.00691784907445
D82W,1.26191043940586
D82Y,1.58514684032151
Q83A,-0.138042283607859
Q83C,0.51571997779418
Q83D,0.124731227619482
Q83F,0.890594027203703
Q83H,0.992030672814343
Q83I,1.18046400305723
Q83K,-0.796282041423972
Q83L,-0.951655356631842
Q83N,-0.0570130839184798
Q83P,0.484527960311299
Q83T,0.23577112928883
Q83V,0.491488765208098
Q83W,1.02602293636749
I84C,-0.415026911288219
I84D,0.159572929981248
I84E,2.11828493432555
I84F,4.14100524690701
I84H,2.96648011145546
I84L,-0.149458199916564
I84N,2.74497564058531
I84P,2.1161267316641
I84Q,-0.270804645828564
I84W,2.7450803358247
I84Y,3.71474668300036
G85A,2.20814561983541
G85C,1.53877585191532
G85D,3.68800982100311
G85E,2.35639920218933
G85F,0.224625926687736
G85H,1.05380724765808
G85I,3.68467340634307
G85K,3.67747690454887
G85L,3.66471630244815
G85M,3.67518260425046
G85P,4.16423384532896
G85Q,3.62544205882532
G85R,-0.293765950222494
G85S,2.99649172796468
G85T,2.9086799364966
G85V,2.99811035432235
G85W,5.07386124123684
G85Y,2.3169484000427
Y86A,2.7999526214231
Y86D,6.32290489652554
Y86E,0.912281718140352
Y86F,-0.326138858965142
Y86G,0.577928461288945
Y86I,3.25583644362931
Y86K,3.72178868784694
Y86L,1.67466838585344
Y86M,-0.912418690492175
Y86N,2.97977978837241
Y86P,3.34835118891799
Y86Q,1.72984658979135
Y86R,-0.0270444032279709
Y86S,1.76916278142585
Y86T,2.38350088955505
Y86V,3.61156335998249
Y86W,3.34583952800687
Y87A,4.02548794919123
Y87C,-0.687181904689602
Y87D,2.6636879781841
Y87E,3.2498708804428
Y87F,-1.08515322527659
Y87G,1.83686399431679
Y87I,2.11420404895981
Y87K,2.98858767951074
Y87L,2.4686166726561
Y87M,0.17188560506331
Y87N,3.89275026906519
Y87P,2.43480567806926
Y87Q,1.90553423842544
Y87R,3.91636459091866
Y87T,1.87436410151495
Y87V,2.36091187899364
Y87W,-0.853926470287415
R88C,-0.794363253242828
R88D,2.85804977559302
R88E,3.40559314094137
R88F,0.56099908120364
R88G,6.32290489652554
R88I,3.82020536562614
R88K,0.437182302357198
R88L,-0.458986283805871
R88M,-0.806246229018793
R88N,-0.58670580041778
R88P,2.21542451186315
R88Q,0.370012853258692
R88W,0.208347644966786
R89C,1.14883123794315
R89D,0.198312668012729
R89E,-1.0768413180799
R89F,1.29568962700319
R89G,0.489678726477353
R89H,0.444887298508284
R89I,0.711922532592166
R89K,-0.519314365981783
R89L,-0.684635931352466
R89M,0.688756017205301
R89P,-0.483032756189688
R89Q,-0.0259485382683641
R89S,-0.635372931509276
R89W,2.02641852958828
R89Y,2.43222071672775
A90C,0.688379319018192
A90D,1.55950116984802
A90G,3.54472984223892
A90H,4.92839024356466
A90I,-0.954405549028566
A90K,-0.508728567924684
A90L,0.361295174270698
A90N,-0.357271227828767
A90P,2.51488242654619
A90T,-0.595508485975951
A90V,2.26836788563682
A90W,1.79859234863292
A90Y,0.101793689864889
T91A,-0.41227423021143
T91D,-0.29451593060654
T91E,-0.0633096875041487
T91F,-0.597064977122673
T91H,-0.283201569536954
T91I,0.443892908828445
T91L,-1.03669771566262
T91N,-0.0431752008649025
T91P,1.4345761289598
T91V,-1.03759061684043
T91W,-0.00849723384409847
T91Y,0.87861666308081
R92A,3.12170400296809
R92C,-0.707698334294835
R92D,3.70470842974276
R92E,2.68311508845648
R92G,-1.05642332526315
R92H,0.0672610615945149
R92I,3.87471211546857
R92K,0.235684277775694
R92L,2.22757049713541
R92N,-1.07969378089049
R92P,2.83115044468911
R92Q,3.42424415605263
R92T,3.15213030625825
R92V,-0.165104633809567
R92W,0.774513571768705
R92Y,3.51080910573506
R93C,2.20654905267171
R93D,0.574766854993983
R93F,0.787384938874099
R93H,-0.950577168123703
R93I,-0.662777735959688
R93L,-0.8513635808032
R93P,3.04168655510282
R93W,0.00385765044766594
R93Y,3.07259093895087
I94A,-0.835867116549028
I94D,0.817956714336125
I94F,-0.588942828814838
I94G,-0.72992790984301
I94H,-0.869189925863996
I94L,-0.907248758582631
I94M,-0.776423194389859
I94N,-0.771227318824421
I94P,0.127552813260187
I94R,0.466879357743476
I94S,-0.448746523755358
I94T,1.37217735940051
R95C,-0.93289806746386
R95D,-0.819942257075535
R95F,-0.790476878035796
R95G,-0.189035195613166
R95L,-0.648175206595514
R95Q,-0.704801469497913
R95T,-0.537958583983441
R95V,-0.0244227202070979
R95W,-0.621053312878103
G96C,-1.06540294525475
G96E,-0.868022912332374
G96F,0.00397521479523481
G96N,-0.0593825876470978
G96P,1.50039613824649
G96R,-0.326970980282382
G96S,-0.455604130912809
G96W,-0.698806586834315
G97C,-0.812487898224817
G97E,-0.204608825500498
G97F,0.0955788142675695
G97I,-0.166335752072015
G97K,-0.890301246517366
G97P,-1.07145525614847
G97Q,1.84467584260373
G97V,-0.940257531671958
G97W,-0.120330460858999
D98C,-0.286173092783574
D98F,3.03451667106476
D98G,5.11960222821243
D98I,-0.224200242124641
D98K,0.863777166388634
D98L,-0.484724034180513
D98R,-0.833304644576367
D98T,4.7974487074347
D98W,-0.780913838983004
D98Y,2.14514414211727
G99A,1.71833208119727
G99C,-0.746702050570177
G99F,-0.994733338345249
G99H,-0.379341156952039
G99I,-0.677104622697521
G99M,-0.0997111897631051
G99N,-0.780017401571846
G99Q,0.80676177867451
G99V,0.471304115456992
G99W,0.859212351505585
K100D,1.0010069236551
K100E,1.87239301437597
K100G,-0.811546774315622
K100H,2.02796690707373
K100I,1.81800683816281
K100L,-0.684028688199333
K100P,-0.880419197397748
K100R,-0.8915866669399
M101D,-0.75914060317323
M101E,-0.126735586914981
M101K,1.17339108193711
M101N,2.07456660995174
M101P,-1.04930387209889
M101T,0.157143335360743
M101V,-0.630537258886413
M101W,-0.644989175750336
K102E,-0.899989496065291
K102H,1.24971629830541
K102I,-0.478926208016289
K102M,0.351314314764049
K102P,-0.156098762820078
K102Q,-0.96262693775276
K102S,-0.795802677502195
K102T,-1.09690987261213
K102V,0.924464566206198
K102W,-0.962158477170215
D103C,-0.816517161329775
D103L,-0.649131134962667
D103P,3.03543168055841
D103Q,-0.796815547961428
D103V,-0.373357226864557
L104A,-0.530898310975134
L104D,-0.487878461470555
L104E,2.01313810502087
L104F,0.334594370416107
L104G,-0.307986094137303
L104I,-0.119297074010329
L104P,3.38889203384745
L104S,2.0670792161448
L104T,1.71435983950112
L104V,-0.18790885756724
L104W,4.06537193182581
L104Y,-1.0341908030576
S105E,0.12398091666638
S105G,1.17093085831361
S105I,-0.153953885626773
S105K,0.845154464265003
S105L,-1.00606668377969
S105M,-0.157647242432147
S105W,-0.813529694503251
P106C,2.19100541882888
P106E,2.93990098517682
P106F,5.66082085253311
P106G,1.81857099924967
P106I,2.95413265364721
P106K,0.795881781697055
P106L,-0.441559026051296
P106M,0.716862117770689
P106Q,1.83765723069599
P106R,3.15910186120124
P106S,0.46569842908376
P106T,-0.0168147873235086
P106V,-0.0935243358914195
P106W,1.69916339943466
P106Y,0.0368759751588662
R107A,-0.155784398723759
R107C,1.86524541455193
R107D,1.59665672227329
R107F,4.5879999853722
R107G,2.2250881212722
R107H,0.499654980955333
R107I,4.43469074886962
R107L,4.07226552601581
R107M,3.96547470500641
R107N,-0.480892035586519
R107P,4.01932036299219
R107Q,3.74528322739944
R107S,2.24872914530814
R107T,3.14271868828535
R107V,1.52368539030619
R107W,3.75266946012633
R107Y,6.32290489652554
W108A,4.52872239410133
W108C,4.82794200231756
W108D,3.22262248593534
W108E,3.54966971963507
W108F,-0.541862732242785
W108I,2.53984759042641
W108K,3.19496294765147
W108L,2.42029314366873
W108M,-0.462017939418526
W108P,3.43659895544662
W108Q,1.23182205846631
W108R,0.198899578780619
W108S,1.8770009347063
W108T,0.478068253550381
W108V,1.92387676302074
Y109A,2.49467573019281
Y109C,1.33618582844441
Y109E,-0.440379570721026
Y109F,-0.441734728475846
Y109G,-0.584289592160615
Y109H,4.1138096178883
Y109I,0.811841990057397
Y109L,-0.699331597425697
Y109M,-0.279567950321445
Y109N,4.97295166631373
Y109P,-0.796571838996317
Y109Q,6.32290489652554
Y109S,1.41996782265263
Y109T,0.237555076130079
Y109V,1.32396544069401
Y109W,-0.687554491220814
F110A,0.304328623382489
F110C,3.72475153423596
F110D,1.20172428297856
F110E,3.24158961287548
F110G,1.59711117004985
F110H,-0.0348897146676506
F110I,1.61732236254972
F110K,3.45930080870111
F110L,2.55797921721458
F110M,0.731506287018001
F110N,-0.673238935138748
F110P,4.31428294657989
F110Q,3.75022170602906
F110R,4.65854520399674
F110S,1.86534531551842
F110T,0.465950262414087
F110V,6.32290489652554
F110W,-0.451413884911222
Y111A,2.03373781217762
Y111C,3.81197923884138
Y111D,1.46122579138883
Y111E,3.57909246989578
Y111F,2.87853015406318
Y111G,3.91032227254982
Y111H,0.469052983270392
Y111I,2.60974729988334
Y111K,0.994519070448398
Y111L,2.63432504624434
Y111M,1.42660549521732
Y111P,4.15688669024751
Y111R,1.27907801865457
Y111S,1.36406459687309
Y111T,3.43627191354398
Y111V,0.958572179033441
Y111W,0.123136077586247
Y112D,1.92065005819264
Y112E,3.12726331327211
Y112G,4.17385083444707
Y112H,-0.562087640290945
Y112I,2.07645369850667
Y112K,-0.169890237734171
Y112L,0.0608320485240397
Y112M,1.27626886826234
Y112N,0.057324610354866
Y112P,2.41708471031449
Y112Q,1.1834101120258
Y112R,-0.42002692428017
Y112S,6.32290489652554
Y112T,3.82674660999028
Y112V,2.61673143772136
Y112W,1.00271000988356
L113A,-0.813801258365123
L113C,2.5874718836939
L113D,0.632909212558803
L113E,0.572346615409877
L113G,-1.01185060825057
L113I,0.363175648728157
L113K,-0.44443179577239
L113M,-0.437429859671051
L113N,1.49876203083102
L113P,0.676784423808887
L113Q,0.980976318494564
L113S,1.21649454261161
L113W,-0.179292310290762
L113Y,-0.636918951921664
G114A,-0.837098183597413
G114C,3.88019485293947
G114D,0.389506512908647
G114E,0.913975375583396
G114F,0.0872045032482237
G114H,-0.961778454431504
G114I,6.32290489652554
G114L,0.898218171419385
G114M,-0.495565289591757
G114P,3.03118494093305
G114R,-0.183387079560671
G114S,-0.607080299673945
G114T,-0.256347957691063
G114V,4.39436766916631
G114W,3.31369567220221
G114Y,0.402553598144194
T115A,0.748343221882381
T115C,-0.78001357263403
T115D,3.34325280394079
T115E,1.622773049724
T115F,0.690622165874201
T115G,0.00859050652539905
T115H,0.566068268047937
T115I,3.89811126781664
T115K,3.04876714211826
T115L,-0.35971904691748
T115M,0.820505112207971
T115N,1.66270586372577
T115Q,1.9272949782674
T115V,1.55848466539665
T115W,0.77915079623606
T115Y,2.74078188113917
G116A,2.90120878358281
G116C,2.29028922067359
G116E,3.58236906356622
G116F,3.1471252867075
G116H,3.74621835813233
G116I,5.24462427755118
G116K,4.77008565594934
G116L,1.83951374904936
G116M,3.01719930239596
G116N,5.61633819607685
G116P,3.09740236559112
G116Q,2.59583340170069
G116R,5.10424957718174
G116S,3.21570521626245
G116T,3.3523116529039
G116V,3.85883815508879
G116W,6.32290489652554
G116Y,1.99956045469484
P117A,-0.484561708104317
P117C,-0.423443577547479
P117D,-0.909410409311381
P117E,-0.636195887158806
P117F,-0.0500813670161082
P117G,-0.227854604848565
P117H,-0.923602772429306
P117I,3.25988437553204
P117K,-0.816464960875327
P117M,-0.91723193346311
P117N,0.727341886056197
P117Q,3.92768241481666
P117S,-0.903316613475489
P117T,-0.715113092552797
P117V,-0.759067015513662
P117W,-0.877750966447332
P117Y,2.31571196138818
E118C,-0.916630652805022
E118D,3.8612534401302
E118G,1.39144695193034
E118H,-0.618223774551249
E118I,0.315354724897635
E118M,1.34829929743455
E118N,-0.558276898389454
E118P,1.10671228868035
E118S,-0.792515657028858
E118T,0.167232527295843
E118V,-0.56618536810935
A119D,1.16548705514758
A119G,0.305817795676999
A119H,-0.691113876577159
A119K,-0.961194429190206
A119N,-1.01898533855385
A119P,0.311104267223253
A119Q,0.340605735679203
A119R,-0.659593903308179
A119S,-0.652487055007035
A119T,0.896490214113867
A119V,-0.954674369533929
A119Y,-0.717731255149708
G120A,-0.699319925402113
G120C,0.196197470988069
G120F,0.197190623829585
G120L,-0.238611620519683
G120Q,-0.893384741980372
G120R,-0.700435734019852
G120T,-1.05407426182948
G120V,-0.647817574197461
G120W,4.54425051980577
L121C,1.8149400204539
L121D,-0.46555614577509
L121E,-0.251977034206153
L121G,-0.77550821184723
L121I,1.16132193555722
L121K,2.81915306139713
L121N,-0.122815950646139
L121P,2.69529748651569
L121V,-1.01954138092555
L121W,-0.256657416277261
P122A,-0.617731411210133
P122E,3.55909770991153
P122F,1.57644175781876
P122I,-0.75151467609497
P122L,-0.548754273363331
P122M,-0.877113037921203
P122Q,0.974194276344725
P122V,-0.907480244667663
P122W,-0.542012652662438
P122Y,-0.584214277988942
Y123C,1.23002987762832
Y123E,-0.441008213055461
Y123G,-0.778047433660066
Y123H,-0.96183517011522
Y123I,-0.815196899185677
Y123K,-0.839920700022212
Y123L,-0.919129793461197
Y123N,-0.780743167013583
Y123P,-0.727380838018137
Y123Q,-1.02008291872801
Y123T,1.3375678463618
Y123V,-1.03349678646283
G124D,-0.472953206507639
G124F,-0.679994874332819
G124I,-0.528341757926159
G124K,-0.401785523874842
G124M,-0.866187522664636
G124N,-0.402830194999206
G124P,-0.835022122003083
G124T,-0.237323727521073
G124V,-0.901708904194674
G124W,-0.646736789051899
G124Y,0.221921378160396
A125D,-0.396835536748501
A125E,0.578172734214506
A125K,-0.998531505770787
A125P,-0.244235490048537
A125R,0.112220577601989
A125S,-0.519735765529866
A125V,0.56639085994251
A125Y,-0.12790018298698
N126D,0.596963009508716
N126E,-0.933865900386256
N126F,-0.438255890023064
N126K,-0.268254587534045
N126M,-0.407107227395486
N126S,1.47838246138868
N126W,-0.817172637452181
N126Y,-0.923240743172244
K127A,-0.437808510194762
K127C,-0.852247921654346
K127M,-0.256309224889902
K127P,2.80366944611137
K127S,2.98595134802892
K127T,-0.64372998079623
D128C,0.632945331914441
D128E,-0.909565129107004
D128F,1.37405562456366
D128G,-0.849936774234705
D128I,4.18911293219857
D128K,-0.25423472689075
D128L,0.240649482842889
D128P,1.12844311739891
D128T,1.8236846023886
D128W,2.26180778860826
D128Y,1.04185856100298
G129A,0.443278918863224
G129C,1.24088561832056
G129E,-1.08734370392072
G129F,-0.354788790075633
G129H,-0.733214833575801
G129I,1.27739956578324
G129K,-0.634638125113747
G129L,2.76651389841943
G129M,-0.587347404048208
G129N,0.257398682549472
G129P,-0.749099968131989
G129R,-0.814189617026559
G129S,-0.604825609352968
G129V,3.85413642382794
G129W,-0.290493195833809
G129Y,-0.483353734678653
I130C,3.16781990547412
I130D,1.20348203364792
I130E,0.757210947476671
I130F,-0.736921842820963
I130G,1.63261202206316
I130H,-0.229536742252209
I130K,3.45329755354574
I130L,-0.961466834256407
I130N,-0.402959974114179
I130P,3.30586841039729
I130R,1.37433962139715
I130S,-0.311940136578843
I130V,-0.442930448152492
I130W,2.23421708128466
I130Y,-1.06245090732632
I131A,0.312854464524378
I131E,-1.03713253161332
I131G,-1.02006062601323
I131M,-0.702482132484685
I131P,2.84750618280906
I131Q,0.28874432955309
I131V,0.746694420846206
I131W,-0.524925255696368
W132A,3.14830408437628
W132C,1.3421543616679
W132D,-0.402182032537087
W132E,1.57482803980422
W132F,-0.313543463245437
W132G,3.29295654448371
W132I,3.18864935974503
W132K,2.50507902186757
W132L,3.6283108752435
W132M,1.40660617649575
W132N,3.64377430834702
W132P,1.82032470270955
W132Q,2.22645811317214
W132R,3.35397872568068
W132S,0.661695694561369
W132T,6.32290489652554
W132V,2.8121368651287
W132Y,-0.732693227329778
V133C,2.78661959609081
V133D,2.92729057889886
V133E,2.78195558975062
V133F,0.275120116957008
V133G,0.0539456176246357
V133H,1.82645634960048
V133I,-1.00424904487438
V133K,3.86883837196501
V133L,-0.380345144260788
V133M,0.685917430382533
V133N,-0.72827579650808
V133P,4.26250641175436
V133Q,0.938106775711979
V133R,0.328658137557233
V133W,1.12164529059491
V133Y,-0.894505095251928
A134C,2.44389421442518
A134D,1.95304029151332
A134E,1.45366314528971
A134H,-0.468732577238885
A134P,3.81038663591973
A134T,1.60565294603703
A134V,-0.998467993985553
A134W,0.242929478762865
T135C,-0.811822974451616
T135D,-0.182380561786343
T135F,-0.745632356951723
T135H,-0.995729897784182
T135I,-0.791607744113994
T135K,-0.34496315561451
T135P,3.32488192093715
T135W,-0.711443515083577
T135Y,-0.779913791436228
E136A,-0.661890516099837
E136C,-0.334254857345301
E136G,0.2055518318013
E136H,-0.0116036820461422
E136I,-0.634977731447089
E136K,-0.112360656356952
E136L,-0.00124679027215089
E136M,-0.1544022447883
E136P,-0.39639020027966
E136R,1.27748670715188
E136S,1.09834908211132
E136T,-0.0324806242702241
E136V,0.978324339106151
E136W,-0.108758697130312
G137A,-0.962523348302251
G137C,0.50730526925404
G137D,-0.955470553705651
G137E,0.108970722099608
G137H,-0.795033315163992
G137I,-0.0685420996734919
G137L,-0.943602531648961
G137M,-0.651527054981185
G137P,0.911563402569832
G137Q,-0.0573197142945991
G137R,-0.186370496823939
G137T,0.423551734267374
G137W,-0.565832661612956
G137Y,-0.805463500985044
A138C,1.77747695514128
A138D,-0.900406402608056
A138E,1.71556062392876
A138G,-1.02889111177365
A138I,-0.61524966782998
A138K,0.397757723086251
A138L,3.29924146727542
A138P,2.21102539685913
A138Q,0.792112194827697
A138R,-0.676397762034948
A138S,-1.00332209388648
A138W,0.119064075459071
A138Y,-0.982433156340656
L139A,-0.636310865279537
L139C,4.0284951158123
L139E,-0.65816055867446
L139F,-0.84984012019554
L139I,-0.577251495123181
L139N,-1.07803210072698
L139P,-0.887411153171685
L139Q,-0.0104547334577092
L139R,-0.949834774336825
L139T,-1.09929208289254
L139W,3.33537611820733
L139Y,-0.905789776305781
N140D,-1.06972977087389
N140E,-0.0326234860885061
N140F,-0.0575900514053079
N140G,-1.0552976881159
N140L,-0.751852293919935
N140M,0.753737950082072
N140P,1.40419606086435
N140Q,-0.550213510743513
N140S,-0.728987707568005
N140V,-0.210460089865325
N140W,-0.692307135347429
T141A,-0.700841662401982
T141C,-0.746246951820639
T141E,-0.697958915962253
T141H,1.90433122737957
T141K,-0.168295816616221
T141M,0.873761369337821
T141P,-0.0485209160603259
T141Q,-0.372225566066456
T141R,-0.336582846216755
T141W,-0.784649250493197
T141Y,-0.894109780323889
P142A,-0.188651302865346
P142C,-0.603139831167657
P142D,-0.988720815869955
P142I,-0.320046941292225
P142L,-0.291601982420795
P142W,0.541281319758812
K143A,1.42121393004891
K143C,-0.0489281542450211
K143D,1.27060774833121
K143E,0.0571793953559016
K143F,1.96560780569467
K143G,-0.0865936271939084
K143H,-0.0245020323495783
K143I,-0.862469643843124
K143M,0.180317497836461
K143Q,-0.406540706091626
K143R,-0.313302524351881
K143S,3.21670496600002
K143T,0.913480867182076
K143V,-1.04842058235072
K143W,1.33633605103814
K143Y,3.27581413842751
D144A,-0.756787888796979
D144C,3.98911870754462
D144E,1.73926955137068
D144F,0.34720236207972
D144G,2.86528807820984
D144H,-0.610599969865072
D144K,-0.374766145504101
D144L,-0.255353484806042
D144M,-0.548945514953379
D144Q,0.496310236175377
D144R,0.0458440281000558
D144V,1.6461119456495
H145C,2.80782286104793
H145K,-0.744647112212619
H145L,0.477930115410632
H145M,0.638422742226359
H145N,2.72300022105438
H145Q,0.452643325906765
H145S,-0.802982068534139
H145T,-0.422461452890927
H145Y,-0.871238786762427
I146C,-0.490087895422364
I146D,0.789053329697307
I146E,1.40501322744848
I146F,1.52468359015588
I146G,1.48079905135918
I146M,0.621540339458117
I146N,1.37961437034974
I146P,-0.727197007530508
I146T,-0.821942891021182
I146V,0.686007346656388
I146W,-0.980040164391676
I146Y,-0.709988297747727
G147A,-0.950914943947751
G147D,-0.639283369231605
G147E,-0.328242994864105
G147F,-0.855069771346523
G147I,-0.420696566548763
G147K,-0.777588135783506
G147M,-0.244882681259667
G147N,-0.448292132992606
G147P,0.545003786117969
G147Q,-0.793012936447676
G147T,0.606007918637422
G147V,0.661939968838714
G147W,2.79067306637425
G147Y,-0.144577611780635
T148C,-0.771797255185757
T148H,-0.97588445502001
T148I,1.8117367268783
T148L,4.03505967189208
T148M,1.19009690882218
T148N,0.539798788591155
T148Q,-0.478569750775011
T148R,-0.245452329854485
T148V,0.4721976561283
T148W,-0.53649531961405
T148Y,-0.691572814722862
R149A,3.50969291534224
R149D,2.1478837384714
R149E,3.67727966090339
R149F,3.56947765316502
R149G,6.32290489652554
R149H,1.31222945107757
R149I,1.94448074072055
R149K,4.09578759054955
R149L,3.64379911647762
R149M,3.20776023225025
R149N,0.511193121264095
R149P,1.91355164956521
R149Q,-0.308874211171147
R149S,0.0616992784389364
R149T,1.17663378674221
R149V,2.59208630741797
R149W,2.75605704532288
R149Y,2.16469148584149
N150A,-0.814258746673581
N150D,0.897563797969283
N150E,-0.705517216599672
N150G,0.0874183076289608
N150H,-0.437149202719209
N150K,1.43458788722659
N150L,-0.342167029760674
N150M,-0.208041803038227
N150P,1.45275896618816
N150Q,-0.724124285755542
N150S,-0.831947933895209
N150T,0.280065786370029
N150V,-0.795887646977526
N150W,0.810224072777865
N150Y,-0.912171279710006
P151A,-0.961127170130614
P151C,1.05726912029868
P151D,6.32290489652554
P151E,-0.0845662923559436
P151F,3.07883831763166
P151G,2.02106393611633
P151H,-0.11159973428699
P151I,0.533797277551418
P151K,4.12121846751294
P151L,1.07082959301538
P151M,3.30435538378775
P151N,2.67604827296145
P151Q,3.32585582634394
P151R,2.60198416966382
P151S,2.61148995983028
P151T,1.3898629466671
P151V,-0.266213370317832
P151W,2.57267641556042
P151Y,2.59722477852203
A152C,-0.0282835467742735
A152E,0.0378504411177477
A152F,-0.49494997719292
A152L,-0.935932243994841
A152M,2.64176148577715
A152P,1.53978827316778
A152R,-0.716567940334184
A152W,-0.489796665038902
N153F,1.6989871232138
N153H,-0.915074702069133
N153L,-0.550197535246312
N153Q,-0.395428117858934
N153S,0.213148171757035
N153T,1.40856277365591
N153W,-0.69277135247619
N153Y,-0.784797507794291
N154A,-0.800825099139998
N154C,1.2956175864534
N154D,-0.563771753923707
N154E,-1.06631487201009
N154F,0.469052983270392
N154I,-0.741801480126716
N154L,-1.03045038503259
N154P,3.91362201034587
N154R,3.86390560699683
N154S,0.0499972583815386
N154V,-0.72823930386803
N154W,1.00715110897988
A155D,2.04444119553374
A155E,-0.723320723286942
A155F,-0.908235795386947
A155H,6.32290489652554
A155I,-0.618232141959767
A155K,0.144018955005269
A155L,-0.690526759946932
A155Q,-0.452052664037321
A155R,-0.487547689802791
A155T,6.32290489652554
A155V,-0.773286494407877
A155W,1.36314317060974
A155Y,-0.857265999306592
A156C,2.35335461611045
A156D,3.39066458530593
A156E,3.93961423915106
A156F,-0.773708030882548
A156H,0.0829269883539432
A156I,4.02842101996131
A156K,-0.607644985584222
A156L,1.1621755737929
A156M,1.60033918504543
A156N,0.765212789842533
A156P,2.5834485050286
A156Q,-0.0818061223108884
A156R,0.439944198397498
A156S,-0.945760114432749
A156V,-0.533455619126689
A156W,3.65797069160583
A156Y,-0.495023348947826
I157E,-0.888155602972848
I157G,0.0179262198206015
I157K,1.11714395521947
I157L,-0.806501870990497
I157M,-0.141524600332892
I157T,-0.779664243828624
I157V,-0.82006972072229
I157W,-0.754650575825192
V158C,-0.802389005105522
V158E,-0.869399472777601
V158G,-0.96669134826005
V158H,-0.042558123408957
V158M,-1.00253544970723
V158N,-0.801614882094005
V158P,-1.08579174836421
V158Q,4.21797647113796
V158T,-1.0048136695353
V158W,-0.209794093603429
V158Y,-0.813077688941951
L159A,-0.19256441657992
L159C,3.54139647753688
L159D,4.57375333195715
L159E,3.70936727778368
L159F,-0.251811715388424
L159G,2.36013665148725
L159H,1.15942604425173
L159I,-0.820431745183995
L159K,1.62808378712666
L159M,-1.01187217168147
L159Q,2.04200431018412
L159R,0.337337849326119
L159V,1.23208392328936
L159W,1.65220623625322
L159Y,-0.586748306263951
Q160A,-0.883702196553056
Q160C,0.165178560468465
Q160D,-0.907917514691931
Q160E,-0.998142024847813
Q160F,-0.22420024212464
Q160G,-0.309332896579709
Q160I,-0.948182809749594
Q160K,-1.01601340926962
Q160L,-0.16401171727702
Q160M,-0.221721840854181
Q160N,-0.294762675704763
Q160P,-0.343146175996617
Q160V,-0.948127939955102
Q160Y,-0.961764942125994
L161A,1.00826073206322
L161C,6.32290489652554
L161D,-0.455139997288688
L161E,1.78259151156707
L161F,-0.335008417774679
L161H,-0.296774978057989
L161I,-0.661014161411148
L161K,0.230527521891261
L161N,-0.702209695874745
L161P,-0.740064940305731
L161Q,0.82835375915176
L161R,2.89833079162667
L161T,-0.551404554906947
L161W,-0.446476934987805
P162E,2.08301836583021
P162F,0.157143335360743
P162G,-0.862697451496906
P162H,-0.49088763361529
P162I,-0.983963076489336
P162K,0.321733417354849
P162L,-0.451289819663827
P162M,0.450618661495111
P162R,0.203459500583094
P162V,0.169381828744675
P162Y,-0.472028189233599
Q163E,-0.290542984014965
Q163G,-0.0418004256738915
Q163I,-0.132565719062316
Q163L,-0.397122636317246
Q163M,1.71435983950112
Q163N,-0.481326776469879
Q163R,-0.122064345129076
Q163T,-0.759344781585026
Q163Y,1.07978660076566
G164A,-0.972041241432237
G164D,-0.502180305830842
G164F,-1.06072674485143
G164L,0.263136721423858
G164P,0.985317980167098
G164R,-0.331563668724045
T165D,0.220526005540299
T165H,0.062982678163762
T165I,-0.268339077411707
T165L,-0.960285010181795
T165M,0.617713880577016
T165Q,0.408833754868291
T165R,-0.667160017783097
T166C,1.89713347474778
T166E,0.243741343546179
T166M,-0.976313452668819
T166R,3.71276115836884
T166S,-0.82387052347565
T166V,-0.998103324371423
T166Y,2.97647693259833
L167A,-0.604640686604986
L167D,-0.196045331377456
L167E,0.405003916664798
L167F,-0.339424217848883
L167G,-0.106610018301668
L167I,0.188139969186463
L167N,-0.286565415724774
L167Q,-1.04250017974718
L167S,1.32125033849774
L167V,-0.0421465063422931
L167W,-0.228557871169929
P168A,-0.146175141607106
P168C,-0.386019483811508
P168E,0.23208846133158
P168F,-0.158203988262833
P168G,-0.53906752974769
P168I,0.678131324471825
P168L,-0.933236739498081
P168Q,-0.655517336270651
P168R,-0.910553024754573
P168S,-0.375061916677131
P168V,0.0215480616032611
P168W,-0.285342028427395
P168Y,-0.716561125157281
K169A,0.0509587537579919
K169E,0.928403281225721
K169H,2.19251937311603
K169I,0.0811365738429337
K169M,-0.246351319603753
K169N,0.194460517889661
K169P,-0.0802049975687859
K169R,-0.382007561389345
K169W,-0.178204143653401
K169Y,-0.975862488391789
G170A,0.02457115641843
G170C,-0.573441682528064
G170D,1.44790964112477
G170E,-0.437455356931833
G170H,-1.02620048670382
G170I,0.704030459487452
G170L,-0.596116691721323
G170P,-0.581561047795067
G170Q,-0.696524228705868
G170R,1.15567330872551
G170V,0.416383312021376
G170W,-0.476367988870991
F171A,-0.943098079968407
F171C,-0.577478190145598
F171D,-0.962973583536734
F171E,-0.475820015213087
F171H,-0.976967937321543
F171K,-0.557551273762412
F171L,-0.803101127443125
F171M,-0.902560257938339
F171S,-0.669136526082281
F171V,-0.621279446477144
F171W,-0.996650055136245
F171Y,-0.656013107790945
Y172C,-0.344704997521212
Y172D,0.371060101254538
Y172K,2.23527210572314
Y172S,2.11167864455992
Y172V,-0.839789888734224
A173E,-0.857513219319724
A173I,0.706553011108547
A173K,-0.941912427422413
A173N,-0.774087723680375
A173P,-0.746531900377675
A173S,-1.00176606830549
A173Y,-0.920593672038157
E174D,-0.839547772683862
E174H,6.32290489652554
E174R,-0.508373987338226
E174V,1.16661589963635
E174W,-0.389587025394454
E174Y,0.195651720325181
G175C,-0.56337858041505
G175E,0.130394123512316
G175H,0.537475278825967
G175K,1.22417553587497
G175L,2.31675345698132
G175M,2.80714357038194
G175T,6.32290489652554
G175W,2.93478546986309
S176C,3.40015166578493
S176F,-0.653356317000668
S176G,-0.531927630512454
S176I,2.69394868222144
S176L,1.01725432182529
S176R,-0.469690417937033
S176T,-0.644040656838856
R177A,2.67500960251943
R177D,-0.0662027335163221
R177E,0.771573076256244
R177H,-0.0864285233235427
R177K,-0.0363891774427512
R177M,0.0748799764697057
R177P,-0.141280226802801
R177S,-0.686443042849878
R177W,-0.352354586687371
G178A,3.00601774921682
G178C,2.580402062903
G178D,1.91826701421325
G178H,-0.673238935138748
G178P,-0.426126533109454
G178Q,0.305476403931102
G178R,-0.715997210451343
G179A,-0.88857040059799
G179C,-0.0652682779077328
G179D,1.81564808994811
G179E,-0.5812708632877
G179H,1.15356543707355
G179I,1.29031377450709
G179K,3.33399946527403
G179L,3.72503188903003
G179N,-1.0660362511629
G179V,0.0751308838801105
S180D,5.66492360150882
S180E,-0.543962887908716
S180K,3.36701088003115
S180P,-0.0895334185433556
S180R,-0.671763358019363
S180V,-0.990847841682277
S180W,-0.380448589530116
S180Y,1.93438468410373
Q181C,-0.734218510728003
Q181G,0.61931886513461
Q181I,-0.642743484963593
Q181V,1.89889950539715
Q181W,3.05570687144884
Q181Y,-0.321740123501337
A182C,-0.932451210225742
A182K,-0.874936313392261
A182Q,1.33856257429226
A182R,-0.993879973328168
A182T,3.80360510683581
S183D,-0.687880547000995
S183E,2.04723189645719
S183G,-0.740670074791385
S183H,0.234735198797217
S183M,-0.71462827590317
S183Q,0.672821303587787
S184C,0.0829269883539432
S184E,-0.670763159700316
S184F,-0.576732791626226
S184H,-0.610193676947132
S184M,-0.987396011167799
S184N,0.999699488281548
S184V,-0.715532813542435
S184Y,-0.836003568739646
R185D,-0.837238031943829
R185G,1.54234190531809
R185H,0.0915387087017301
R185M,-0.503328810480112
R185N,1.21742089832972
R185Q,-1.00137870788482
R185S,-0.590055721526478
S186H,-0.711863694039629
S186T,1.7693935952165
S186Y,-0.336295643800447
S187C,2.68211476376512
S187F,0.0014473002997726
S187G,2.17063453969857
S187L,-0.392057151302824
S187P,1.86763852486557
S187Q,2.43772212397871
S187R,-0.651292519839224
S187T,-0.676654965709017
S187W,-0.293863746034122
S188D,-0.832799271910697
S188I,0.307948441822776
S188L,-0.901693344739073
S188M,-0.490863332113918
S188P,-0.634590229213318
S188Q,1.06935439277482
R189D,-0.205482406359357
R189H,6.32290489652554
R189K,-0.382061728369
R189L,-0.568026211282435
R189S,0.55284618491186
R189V,-1.01494451131879
R189W,-0.90839988052538
S190C,-0.98392789922069
S190F,2.63889068625075
S190L,2.8696586150138
S190Q,0.388937722830132
S190V,1.94176630645536
S190Y,0.15695448809307
R191A,-0.354451185542013
R191C,-0.767066506902229
R191D,-0.652292202263845
R191E,2.08162328804169
R191F,-1.02320411127155
R191G,-0.185001856913507
R191H,-0.82367374961659
R191I,0.123019399472754
R191M,-0.646197454763053
R191P,-0.899920763794343
R191Q,-0.938384905608012
R191S,-0.951257112762045
R191T,-0.661081469716007
R191V,-0.679627444582216
R191Y,0.300682692195635
N192A,0.33104517956459
N192E,0.922805164339243
N192F,-1.05353700562321
N192I,0.732962377468234
N192K,0.152683313670644
N192L,-0.435291220215893
N192M,-0.433598818718972
N192R,0.516756249844029
N192T,1.25018452632737
N192V,0.062554694323396
N192W,-0.66528259639935
S193D,-0.306740292719345
S193E,-0.913691183259379
S193Q,1.77188586247651
S193R,-0.89427944763508
S194A,-0.0473430717471991
S194H,2.01555730358625
S194N,-0.559974360205777
S194P,3.91032227254982
S194R,3.74281453542237
S194V,-0.393718962789036
S194Y,-0.783388014461819
R195A,-0.00627471441074765
R195C,-0.056117308724281
R195E,-0.107594092375204
R195F,-1.0059873272844
R195H,-1.07311555216351
R195I,1.55292413262535
R195L,0.529059897092205
R195S,-0.44192682025879
R195T,2.0217275759792
R195V,-0.00815574557849007
N196D,-0.901327884601127
N196H,1.23390012226493
N196M,0.263854689230948
N196T,-0.888461383647097
N196V,0.536479159344683
N196Y,2.25725499832857
S197C,0.189230766174238
S197E,3.03873262597063
S197G,-0.916973949781746
S197I,1.04352631671809
S197K,-0.877155766030668
S197P,-0.85181304496381
S197R,-0.756726125535953
S197T,2.23090438568145
S197V,-0.722567100812929
T198A,-0.555920031491839
T198C,-0.115878618247385
T198D,0.509583901586513
T198F,0.658749426082152
T198H,3.05838686864342
T198I,4.012931559076
T198K,-0.921802629762877
T198M,0.252740712332842
T198R,3.31829166970632
T198S,-0.996632009021616
T198W,-0.366851625166533
T198Y,0.448572701654101
P199A,-0.494067103065941
P199F,2.59583340170069
P199I,-0.774296964687501
P199Q,-0.716080285094244
P199R,3.35862390799998
P199V,3.13372880622956
P199W,-0.215729896533386
P199Y,4.3264909982799
G200A,0.828485534484002
G200C,-0.758798571729817
G200D,-0.589096415103366
G200E,3.02427914739294
G200F,-0.761200398380889
G200H,-0.89668108854241
G200K,-0.754534169532625
G200L,-0.998871824314237
G200N,-0.560293792514009
G200R,-0.87457479524469
G200T,-0.476628650453182
G200V,0.302965184465736
G200W,2.11458485237178
S201E,-0.247764157770221
S201G,0.0964150092250206
S201H,-0.853710157396626
S201M,-0.557978795746839
S201P,2.38928089080762
S201R,-1.0409093751555
S201W,-0.831983996260062
S201Y,2.08844194891358
S202D,0.507877418691227
S202E,-0.455712862346437
S202G,0.0172179832891215
S202I,4.11744441981905
S202K,-0.194584596506654
S202L,0.684256213742436
S202N,1.27942806314505
S202R,-0.898573269857545
S202W,-0.274179692141895
R203C,-0.0953403867150631
R203H,-0.937171789606211
R203N,6.19889446303551
R203T,0.668364444175237
R203W,-0.649516225610772
G204C,3.09237722309041
G204E,-0.802679686617019
G204F,-0.318542632411646
G204H,-0.904936247987654
G204K,-0.74463292392141
G204L,-0.640647831979943
G204M,1.46541469351034
G204N,1.52630655812075
G204Q,-0.0157165068255313
G204R,-0.90774131641844
G204T,-0.395178988221647
T205A,-0.646653628157952
T205C,-0.909173949469129
T205N,1.89327172694005
T205P,-0.475853892762892
T205Q,-0.816507729463428
T205R,0.659806229813764
T205S,-0.73791955167993
T205W,-0.153786689848709
T205Y,-0.309944624825597
S206C,-0.987711478263869
S206H,-1.03895470552891
S206I,0.500000620127388
S206K,2.29360424188368
S206M,1.36926279609466
S206P,-0.794936089139328
S206Q,3.52372777076032
S206R,-0.605067134868725
S206V,2.47557422947534
P207A,-0.902391889273305
P207D,0.863784565813046
P207F,2.77318014926665
P207G,-0.42675295951605
P207H,1.61966510933505
P207S,1.54467776811952
P207V,-0.483776300503268
A208D,-0.218761224497747
A208L,2.65295542931293
A208M,-0.191576137182249
A208N,1.91824283741324
A208Q,-0.889798589951743
R209C,1.27501484566391
R209H,2.76706937954849
R209K,-0.612260258690661
R209L,0.158028731782927
R209M,1.61092358469195
R209P,3.48442756850583
R209Q,-1.00443524968367
R209S,-0.614851815925516
R209T,0.351214383196991
R209Y,-0.655400422439075
M210E,-0.873847067531713
M210F,0.0554208079958262
M210I,-0.705818436863655
M210V,-0.722702205509493
M210W,-1.06425332467261
A211E,-0.197724795122199
A211F,0.347285612349223
A211L,-0.893977560128632
A211N,1.27425843300073
A211P,0.858353547295708
A211Q,-0.821974593533864
A211R,-0.548209360108162
A211T,-0.436818419968369
G212F,-0.711736338207277
G212H,-1.05474290120302
G212I,-0.799923181510593
G212K,-0.191048910760207
G212L,-0.945967580432319
G212N,0.776476728736533
G212P,1.47036339063466
G212Q,-0.755910657849423
G212R,-0.0186380310062082
G212V,1.4561636687354
G212W,0.454876851922353
G212Y,-0.208169148014339
N213E,-0.907262644361641
N213F,0.941245574329921
N213G,-0.108330814650622
N213H,-0.615299334049891
N213K,-0.780032668199462
N213M,-0.833885417526006
N213T,-0.890130973161114
N213Y,-0.00466389581204936
G214C,-0.677739333747616
G214E,-0.692618109604606
G214F,0.931655884847649
G214I,-0.372383157772115
G214K,-1.01956545522618
G214L,-0.789719441450586
G214N,-0.591125921364998
G214P,4.02257012478978
G214Q,-0.79680447296089
G214R,2.55989289078163
G214W,-0.790148907193557
G214Y,-0.373791713348214
G215A,-0.447511744931705
G215C,-0.760362721077421
G215D,0.308925627732439
G215F,-0.20161674549071
G215H,-0.854103771960917
G215I,-0.0203415577600031
G215L,2.46812997419288
G215M,-0.847263221213439
G215N,-0.667647394548945
G215R,-0.344302408586865
G215W,0.522791135736315
G215Y,0.496075848983277
D216A,-0.29591410372687
D216C,0.602659771280262
D216F,-0.735153036902135
D216G,0.647265167557466
D216H,-0.641532854994765
D216I,-0.664880513637936
D216M,-0.602308587516727
D216P,-0.44565758129098
D216V,-0.69993268547646
D216W,2.80992992317775
D216Y,0.627405389249572
A217D,-0.745327807664517
A217G,-0.990079732392486
A217H,-0.846611478350158
A217K,1.25219933356411
A217L,-0.964634838093618
A217M,0.0561271927970127
A217R,-0.764135579292901
A217S,2.6394780354132
A217T,-0.880130808051447
A217W,-0.83067226023284
A218F,-0.976567754231402
A218M,-0.376640447493512
A218Q,3.99670057387526
A218T,0.745425541358633
A218W,-0.768339794982546
L219A,0.149750205527542
L219D,-0.466406227351039
L219E,-0.933508823280446
L219F,0.344309417210658
L219G,-0.827511669738567
L219H,-0.816402850340555
L219I,-1.04118433328454
L219K,-0.973797251036632
L219M,-0.00250981202322682
L219P,-0.930239892674778
L219R,-0.837412753590843
L219V,0.435606537273521
L219W,-0.8475619883154
L219Y,-0.942197292699754
A220F,-0.608013961751112
A220H,-1.08756091078593
A220I,-0.953964096062637
A220K,-0.466630272190369
A220M,-0.636009661718232
A220N,-0.110001027111571
A220Q,-0.736650433127276
A220R,-0.981658466414648
A220W,-0.642213852111631
A220Y,-0.182429740800037
L221E,-0.7137111816816
L221F,-0.323027732538382
L221G,0.293221467123896
L221I,1.16787440776052
L221R,-0.512123205547384
L221S,-0.585204286523041
L221V,-1.00040877887561
L221W,1.56110038714074
L222F,1.21728314905802
L222G,-0.584020205489494
L222H,-0.339424217848883
L222M,-0.765393791660905
L222Q,2.08697736581314
L222R,0.637762558335639
L222S,1.02539072466364
L222V,-0.797115229324578
L222W,1.72606053875769
L222Y,2.45680677588722
L223C,-1.09800015190631
L223D,-0.667248589476607
L223F,-0.868984478727501
L223G,-1.03831416275304
L223I,0.13884665147741
L223K,2.22734791048618
L223M,-0.420643711432256
L223Q,0.339116312237628
L223R,-1.10428707442744
L223T,-0.941055026687173
L223V,-0.191826640658678
L223W,1.79888094122625
L223Y,0.938537509742726
L224C,-0.901866515617955
L224F,0.697211171083393
L224H,0.599271041910131
L224P,-0.941024066999739
L224Q,3.03749837190269
L224T,-0.672181005560228
L224V,-1.01883403804663
L224W,2.85568433203826
L224Y,-0.0629018362686406
D225C,-0.742803659257101
D225F,-0.182482470275622
D225K,-0.714842358928108
D225M,-0.518494889736042
D225N,0.580557763337471
D225P,-0.879117597961861
D225Q,-0.577124209106774
D225R,-0.662294115754126
D225V,-0.404979562815763
D225W,-1.01939097023216
R226A,-0.835368389575345
R226C,-0.954375696409159
R226E,-0.466497209115635
R226F,0.186691892967664
R226I,-0.788266155619151
R226M,-0.497735480015487
R226N,0.215339118899064
R226P,-0.282612807680725
R226S,-0.199511425272916
R226V,-0.908920450777209
R226W,-0.492994777248109
L227A,-0.893730145693239
L227D,3.94955609822428
L227E,-0.676968262307629
L227F,0.566068268047937
L227G,-0.132250612696117
L227K,-0.806666479326989
L227M,-0.690403618163461
L227P,-1.07472408290703
L227Q,0.648466507460089
L227S,-0.445359262213131
L227V,-0.720634911474971
N228H,-0.0365764416869819
N228I,-0.520580303568622
N228L,2.48632891089101
N228M,2.79032022244622
N228P,-0.708887154341886
N228R,-0.868076592804964
N228V,0.0489167031532515
N228W,1.14028013213057
N228Y,-0.908996378731974
Q229E,0.690360271672604
Q229F,-0.513608785527808
Q229H,-0.589410384665621
Q229L,-0.568997129481964
Q229N,-1.00090960777447
Q229S,-0.684698606955631
Q229T,0.972700166661082
Q229W,1.67792609753334
Q229Y,-0.832556364133003
L230A,3.77273714704804
L230D,-0.700904009965169
L230F,0.209204316728418
L230M,-0.480038814405961
L230T,-0.945843186107792
L230W,-0.929733050441612
L230Y,-0.42152067702832
E231A,-0.950577679434222
E231C,-0.925692008470578
E231G,-0.535804318422267
E231H,-0.685753113944033
E231I,-0.926703844093512
E231L,-0.827278778995033
E231N,0.856468549705055
E231P,1.15584439780957
E231Y,-0.156296015536027
S232A,0.292020193521434
S232D,-0.172181267328073
S232F,2.04163218619828
S232G,3.25395274026293
S232H,-0.632182646157572
S232L,2.56608249386008
S232N,1.33428416834432
S232R,0.0829269883539432
S232V,3.4504302079247
S232W,-0.217100533996402
K233A,0.854828874811137
K233C,1.18275278256051
K233E,-0.219714213658849
K233F,-0.45500019327172
K233I,-0.48533620722851
K233L,0.554290599198742
K233Q,2.81822722419259
K233R,-0.427186506385766
K233S,3.07115234157588
K233V,-0.687200027131383
K233W,0.0143437971384426
K233Y,-0.958315655571262
M234A,-0.911501424498417
M234D,-0.695327970110495
M234E,-0.846101968603916
M234F,-1.08682653819918
M234G,1.19430846588964
M234H,0.342546439938531
M234P,-0.451053254615011
M234T,1.73353213410809
M234W,1.11429228920135
M234Y,-0.992620200008738
S235C,1.57054774406125
S235E,0.381388711861162
S235F,1.89816992373518
S235M,-0.446307209489786
S235Q,-0.918495118986497
S235R,0.728725550743163
S235T,-0.990205651075041
S235V,-0.77933734902942
S235W,-0.59510592138698
S235Y,-0.336762243736447
G236C,-0.0821992607258515
G236D,-0.171655530541415
G236F,-1.04291595889022
G236H,-0.871129848727661
G236N,-0.866950175687198
G236Q,0.406135273592447
G236T,0.163559430761362
G236W,-0.449138785681715
K237A,-0.278916974160296
K237C,-0.597064977122673
K237D,0.534484223555516
K237F,-0.020833126817195
K237G,1.45869884523514
K237H,-0.404983681074996
K237N,-0.73010932632212
K237P,-0.885563630563814
K237S,-0.819605144630924
K237V,-0.799190956941341
K237W,1.25111452143849
K237Y,-0.712504477170935
G238A,0.653517993800743
G238C,-0.710332832383616
G238E,-0.162320287410777
G238K,-0.717671928298886
G238M,2.40352544545905
G238N,-0.902328653343655
G238S,-0.600302715930232
G238T,2.53428235181944
G238V,-0.18091823936732
Q239D,-0.460411678463413
Q239G,-0.367710360679544
Q239I,2.91087910443862
Q239M,0.558616606582239
Q239N,-0.15684545411863
Q239P,-0.863289308133985
Q240C,-0.813111456308744
Q240D,-0.943182224482778
Q240E,-0.916684741703763
Q240F,-0.659950186889402
Q240G,-0.830454271190888
Q240K,1.09375923553749
Q240M,0.140169648499861
Q240P,0.408579555225267
Q240T,1.26128140437776
Q240W,-0.333543195425985
Q240Y,-0.484395908621954
Q241A,0.0802730968582348
Q241C,-0.699548211738831
Q241E,0.482652811156376
Q241F,-0.983869640264842
Q241G,-0.816812466997376
Q241H,-0.518061369213038
Q241I,-0.594895413319901
Q241M,-0.335633886647153
Q241P,0.776890330842953
Q241S,-0.173176434656527
Q241T,0.400741038877585
Q241W,0.425819868192708
Q242A,-0.458877892535765
Q242E,0.398304287797892
Q242F,-1.04019651783463
Q242G,-0.602715041645057
Q242L,-0.435153913965428
Q242M,-0.384124319453189
Q242R,-0.926354575575349
Q242S,-0.682634472645432
Q242T,-0.830692053569705
Q242V,0.487118698906236
G243E,-0.799896200878312
G243H,0.888238666320136
G243M,-0.970012910609786
G243Q,-0.924561730706417
G243R,-0.903193499004614
G243V,-0.754849556688479
Q244D,2.93656972085977
Q244G,-0.0301536549983358
Q244H,-0.673238935138748
Q244N,-0.832291985781891
Q244P,1.94162957283794
Q244R,0.5436829272609
Q244V,-0.594492838175991
Q244Y,1.99384828460768
T245A,1.16978747696212
T245C,-0.787367681251735
T245G,-0.373223990195557
T245H,-0.47330355878015
T245K,-0.927814479298449
T245P,0.588381061535398
T245V,2.08276003179454
T245W,0.715632732508263
T245Y,0.337051607196808
V246C,0.238447518805312
V246E,-0.835625914698083
V246G,-0.782332239791936
V246M,-0.9992354606345
V246P,1.0295398732583
V246Q,-1.08587744937746
V246T,-0.404751935126432
T247G,0.434786749887053
T247I,-0.0595228943746186
T247K,-0.754699976828567
T247P,-0.502941808738392
T247R,2.32390249089411
T247Y,0.41061957576119
K248A,1.38505804503372
K248E,-0.867809892565107
K248F,-0.573746396304432
K248H,-0.971915067243614
K248L,-0.748903293870875
K248N,-0.684842152070636
K248P,2.78092006274786
K248T,-0.0818317997403953
K248W,-0.069352417994706
K249C,-0.98930006796857
K249D,0.825999319962495
K249E,0.729884251742886
K249G,-1.07177021830582
K249I,-0.956115165317731
K249L,1.80159824720449
K249M,-1.05477212263189
K249N,-0.455697855114967
K249P,-1.08512163039801
K249Q,-0.533355124746018
K249R,1.53621272629872
K249S,-1.05890423166046
K249V,1.41219045422248
K249W,-0.457845533053574
S250A,-0.998555589364191
S250C,0.161946381211289
S250D,-0.644113019050462
S250F,0.29319869000787
S250K,-0.78725646864662
S250M,-0.430781636948932
S250P,0.865192962921848
S250R,-0.534884073298037
E253R,-0.625519098361493
E253W,-1.05971770348524
A254E,-1.00015801127147
A254G,-0.730123873643478
A254L,-0.563593625466536
S255E,-0.0975818625535003
S255Q,0.160602182695602
S255R,0.516301083034386
K256C,6.32290489652554
K256V,-0.920878200694593
K256W,-0.97063556989009
K257E,-0.972632749708108
K257H,-0.874111726664425
K257I,-0.830781074487981
K257N,0.00820036860042176
K257S,-0.639375987776444
K257V,-0.561502364962267
P258C,-0.691633492411642
P258E,0.461180694574646
P258F,2.45565013271331
P258G,0.203718531573273
P258H,-0.792316121654415
P258K,2.41814989489807
P258R,-1.06397396548638
P258S,-0.92108262094968
R259D,-1.03367908443441
R259F,0.371908363405071
R259G,-0.973713571432545
R259H,1.68448247242506
R259N,-0.924232429727495
R259Q,-0.812944925741216
R259S,-0.941031002638636
R259T,1.01751752768529
R259W,1.24967551038053
R259Y,0.750838026889506
Q260E,0.0266599344296749
Q260F,-0.627549802389045
Q260G,-0.919946617756346
Q260I,-0.103404439464156
Q260K,1.06082137986707
Q260L,2.69505100617789
Q260M,2.6052929780214
Q260N,-0.761166706407951
Q260P,2.57989964236813
Q260R,2.67563035971239
Q260T,-0.947642438958699
Q260V,-1.07976443768421
K261C,-0.988668937075147
K261E,-1.10404496591501
K261F,-0.344735034350764
K261G,-0.407553983497052
K261H,-0.887906106719368
K261I,-0.505690487832169
K261L,-0.257306397340477
K261M,-0.786208373938714
K261N,-0.923446966351595
K261Q,0.0381237754872933
K261R,-1.04873419975397
K261S,0.0185008168555916
K261T,-1.11145207378193
K261V,-1.03371204578629
K261W,-1.04538687570951
R262A,-0.882773531206857
R262C,-0.945269596214302
R262E,-0.655713732958141
R262I,0.30900558231475
R262K,-0.946063094776036
R262L,-0.761135034700377
R262N,-1.05891078916719
R262P,-0.898217208905781
R262Q,-0.874243035586868
R262T,-0.30909096313821
R262V,0.295015295986419
R262W,-0.965853458526305
R262Y,-1.08988529398537
T263C,0.0342571003856142
T263D,-0.98227599188912
T263E,-0.473454489214968
T263F,-0.522345888576592
T263K,-0.484326432882579
T263L,-0.465631359032883
T263M,0.258823165885136
T263N,-0.350982352723689
T263Q,0.345931241173523
T263S,1.21936285099818
T263V,4.36377283745789
T263W,2.2424414114659
T263Y,-0.960617158757094
A264E,-0.74284134645244
A264F,-0.447188396155435
A264G,-0.283797621397996
A264K,-0.978660475743508
A264N,-0.598187135287497
A264P,-0.983680935531698
A264T,-0.140767143178656
A264V,-0.85891530153746
T265D,1.75036234469154
T265G,-0.846736890118786
T265L,-0.753645494769743
T265M,-0.963315690862778
T265N,-0.988639657345691
T265W,-1.00921001636598
T265Y,-0.525510888007369
K266D,-0.161052723014664
K266F,-0.99382028758841
K266G,0.124373557938083
K266P,-0.930178089080894
K266Q,0.073868053377114
K266R,-0.368410280095951
K266S,0.867264049799572
K266W,0.415012910672115
K266Y,-0.933251965867191
A267E,-0.668132532027653
A267I,-0.325011359517677
A267M,0.957225832986836
A267T,-0.722011749977931
Y268G,2.05818940912774
Y268H,1.49885596327167
Y268I,-0.692190147832432
Y268L,-0.468345726066503
Y268M,-0.561902367964026
Y268N,-0.948641237764211
Y268R,-1.06137158981575
Y268V,-1.04583185257602
N269C,0.209331764968722
N269L,3.89691010078581
V270D,-1.01851544465408
V270H,-0.602252313936727
V270I,6.32290489652554
V270R,0.878834626183302
V270S,0.945505840745401
T271F,-0.916594467260293
T271H,-0.546036861960197
T271I,1.94332600711185
T271N,0.325849857661231
T271R,-0.870809132936705
T271V,-0.251141142183051
Q272D,-0.538589775631998
Q272E,-0.809588708910169
Q272F,-0.505722247638907
Q272K,-0.145335704510869
Q272N,-0.765564470082696
Q272P,0.567024375045474
Q272R,-0.239781608474383
Q272S,-0.601677044060541
Q272W,-0.986834666241201
Q272Y,-0.999475206760835
A273C,-0.894294511243441
A273D,-0.603867873799838
A273L,-0.525061914161343
A273M,-0.699005781768754
A273P,-0.293951551774155
A273V,-0.789173210981704
A273W,0.0760088550175932
F274A,-0.596070342361819
F274K,3.09067147573582
F274N,-0.733374585169229
F274P,-0.799792750991624
F274Q,-0.902190452866566
F274S,1.12264898637666
F274V,1.37301382099986
G275E,-0.693807086411653
G275F,0.467168442181986
G275L,-0.895289726438596
G275M,1.80924053403159
G275N,-1.01616341090624
G275P,-0.794329464515111
G275R,-0.686397875341507
G275S,0.0861349126582079
G275Y,-1.07826281442407
R276A,-0.829481701659824
R276C,-0.696729323082806
R276G,0.584853645293882
R276H,1.29910730646383
R276I,0.879442217533394
R276M,2.10639195358071
R276T,-0.893073927631279
R276V,0.684530681440066
R277C,0.493551638182175
R277E,-0.430012713309924
R277L,-1.00871121992436
R277M,3.06702819857888
R277N,-0.484724034180513
R277Q,0.600735842059743
R277Y,4.87852092294016
G278E,-0.484724034180513
G278H,-0.883983573552915
G278I,0.535240986434761
G278M,-0.291601982420795
G278P,-0.926191827385974
G278S,-1.04456046981421
G278Y,3.80917364566539
P279C,-0.14125337914115
P279E,0.637612990142366
P279F,-1.05551624001194
P279H,-1.02341808073474
P279K,5.52382917026206
P279L,2.21611324620878
P279T,3.19064634638471
P279V,0.21656070570813
P279W,1.28820454685959
P279Y,-0.691003415288479
E280F,1.2617411625635
E280I,-1.05122164285503
E280K,-0.803710203118947
E280M,-0.23696101139286
E280R,1.27772240929655
E280T,-1.0340043316286
E280Y,0.856242608164734
Q281A,0.457688811180586
Q281D,0.346334006474258
Q281F,0.82988216191917
Q281G,-0.521170551933487
Q281H,-0.733113837414942
Q281K,-0.9523276789703
Q281M,-0.0971872011042715
Q281N,3.55093376426382
Q281S,-0.477355481901626
Q281T,0.733024588488884
Q281W,0.134862372088972
T282F,-0.916389510304598
T282H,-1.00904593092126
T282K,-0.460313360346972
T282M,-0.849238639493765
T282P,1.23507582918523
T282V,1.90979285994557
T282Y,3.94208779291555
Q283C,-0.361139916926033
Q283E,1.43953550923851
Q283F,-0.929765177221939
Q283I,2.96679349192716
Q283K,-0.674931890611202
Q283R,-1.01915168708324
Q283T,1.20744094283522
Q283W,-0.813560381301416
Q283Y,-0.387253712823754
G284F,2.41181010837994
G284K,-0.472769843142798
G284P,-0.418519713116613
G284Q,-0.747830950573598
G284R,2.03021210899281
G284Y,-0.171188855811338
N285F,-1.04389476476569
N285H,-0.650507101356624
N285K,-0.936426649736242
N285P,-0.889830232028996
N285S,2.20525562457859
N285T,2.29679034432059
N285W,-0.490449476851117
N285Y,-0.921334467099876
F286C,-1.10450199543891
F286D,-1.02496851991976
F286E,0.0836621860791957
F286L,-0.289710736501364
F286R,-1.00774827699103
F286W,-0.480402867106563
F286Y,-0.299176722489422
G287D,1.02661653352456
G287F,-0.819153915838102
G287L,0.361999610437041
G287R,-0.90788421242957
G287V,-0.749230913688814
D288C,-0.928027941891085
D288E,0.660889800821529
D288H,1.1296410015672
D288L,-0.543962887908716
D288N,-0.750727056018221
D288R,2.4824504484385
D288W,-0.748305041566833
Q289A,-0.711074788771816
Q289C,0.656819850110358
Q289D,-0.480740532863975
Q289E,-0.703975778965193
Q289F,-0.546861708688304
Q289I,0.641695755208747
Q289K,-1.0272027389952
Q289N,0.989855566819138
Q289R,-0.319779230702568
Q289T,-0.202715419177144
Q289W,-0.942834950280919
E290F,0.0912420895330491
E290H,-0.907245154576951
E290I,-0.738690311087017
E290N,-0.839015807922725
E290R,-0.279543007065849
E290S,2.10360882750017
E290V,-0.924784466214062
E290W,-0.304141443896237
L291A,3.78170220592472
L291C,0.245550737259573
L291H,-0.782208647682972
L291M,-0.350603911430935
L291N,0.602228238551726
L291R,-0.597625619159056
L291T,1.06121580603372
L291V,0.428892520778157
L291W,0.503814601444621
L291Y,-0.868478755969105
I292A,-0.490213971116919
I292E,2.1045171345984
I292K,3.09521607041361
I292M,-0.585275197892854
I292N,2.33708510744781
I292V,-0.873628173127485
I292Y,3.73321693936747
R293A,-0.622159199779572
R293D,-0.33210106720309
R293H,-0.38456892759156
R293I,-1.00599182327509
R293M,-0.705138024638436
R293N,-0.729584553440907
R293T,1.99755212244407
R293V,-0.901241225037069
Q294D,4.1212895394903
Q294E,-0.912418690492175
Q294F,0.083540843770999
Q294G,-1.01606509051866
Q294H,-0.110417410920489
Q294I,1.23471237916989
Q294K,-0.804170229340926
Q294R,0.0204238804715779
Q294S,-0.168434289081338
Q294T,-0.380448589530116
Q294V,-1.04171326823092
Q294Y,-0.24469765824934
G295D,0.983743400631607
G295H,-0.913140397885907
G295I,-0.639051591415378
T296C,-0.995901223719898
T296E,-1.10264489312512
T296G,-0.483928091139802
T296L,-0.03083247617329
T296M,-0.100893604728897
T296N,-0.856834328628273
T296Q,0.0428339201103422
T296R,-0.315811372054147
T296Y,-0.0864620408715784
D297E,0.234895440008406
D297G,-0.827417172663274
D297H,-0.995222931758194
D297I,1.1081232354
D297L,-0.3834255353972
D297N,-0.96611475259999
D297P,-1.08721706513087
D297Q,-0.954539666457974
D297R,-0.220435506206721
D297V,-0.917801848603038
Y298E,-0.657494545378615
Y298F,-0.747918206361132
Y298H,0.0162170277829806
Y298L,6.32290489652554
Y298Q,1.3033762394104
Y298S,0.767751418334099
Y298V,-0.0852315987325615
Y298W,-0.219523856141479
K299A,-0.771675356859108
K299C,-0.523274220419458
K299E,-0.790450637685268
K299F,-0.947486556271814
K299G,-0.998284234818151
K299H,0.0234116837755974
K299I,-0.453579068880482
K299M,0.302475553115544
K299N,0.835625278072459
K299Q,-0.789562552292948
K299R,-0.40862584990861
K299S,0.118302606258226
K299T,-0.499541967998218
K299W,-0.871670388265048
K299Y,-0.96777785422527
H300C,0.746294305939467
H300D,-0.360836448720576
H300E,-0.330107088658023
H300F,-0.559404284989349
H300G,-0.88097307705091
H300I,-0.656713925222889
H300K,-0.541203897969677
H300L,3.13897157477786
H300M,-0.82453974784911
H300N,-0.739394106362997
H300P,0.338489958298569
H300Q,-0.480984073347586
H300R,-1.06464312070072
H300S,-0.958629568293099
H300V,-0.912781088645195
H300Y,-0.103363426930421
W301A,2.75397990640996
W301C,3.45711918633681
W301D,-0.745410939014811
W301E,0.766620156213921
W301F,-0.00221301231535443
W301I,-0.709318937861199
W301L,0.565437293849499
W301Q,-0.692924433028955
W301Y,-0.674952090992607
P302A,1.19504234018856
P302C,-0.946503686469632
P302D,-0.726607855670455
P302E,-0.914745939026689
P302F,-0.539405234596147
P302G,0.0116287882356685
P302H,-1.02629015965589
P302I,-1.00963278489022
P302K,-0.707955475412402
P302L,-1.00834181085606
P302M,-0.757299582111204
P302N,-0.956117035969867
P302Q,-0.938053881789344
P302R,-0.94223548695819
P302S,2.78958412264158
P302T,-0.931944796673483
P302W,-0.904470933776734
P302Y,-0.193379403159998
Q303A,0.322936228988278
Q303D,-0.859374698834514
Q303E,-0.959664416344937
Q303G,-0.335620789317829
Q303K,-0.880007357175741
Q303L,-0.124097249425299
Q303M,-1.02170189623831
Q303N,-1.03153147653417
Q303R,-0.883400405460309
Q303S,-0.859460398637927
Q303T,1.10559012754502
Q303W,-0.994643845759457
Q303Y,-0.972487015224482
I304D,-0.359530276050644
I304F,-0.15035817762992
I304G,4.54373555466775
I304H,1.25591086029917
I304L,-0.355233599759557
I304M,0.762630023640957
I304N,-1.07094679096097
I304Q,-0.00631009618173869
I304R,-0.640594038288328
I304S,0.727942165293206
I304T,-0.799602837384113
A305C,-0.859858693212592
A305D,-0.834891741268505
A305E,0.583601839440834
A305H,-1.04185582912477
A305K,-1.02768182159271
A305L,0.276719828118236
A305M,-1.03590459535364
A305N,2.15824422620698
A305Q,-0.881380021382404
A305R,-1.04892174100047
A305T,3.09585239019333
A305Y,-0.716152482920353
Q306A,-0.245281544620711
Q306C,-1.01153570153602
Q306E,-1.10836321279066
Q306F,-0.568483592231114
Q306H,-0.658765680116191
Q306K,-0.553706859126307
Q306L,0.192901489253744
Q306N,-0.676060167610903
Q306R,-0.929075187194212
Q306V,-0.567280357809079
F307A,0.149496890788319
F307D,0.0516418083490223
F307I,6.32290489652554
F307L,-0.251285946531099
F307M,-0.741410967128217
F307N,-0.990012778388685
F307V,-0.555235044504305
F307W,-0.344968666426061
A308H,-0.653053661744445
A308K,-0.0640359854337668
A308P,-0.203132119481788
A308Q,0.993210333366868
P309G,-0.730954005431275
P309K,-0.331852240792109
P309N,1.16119340462037
P309V,0.991615847620569
S310A,6.32290489652554
S310E,-0.909442413855558
S310G,-0.946162542265488
S310H,-0.695089487246583
S310I,-0.98464210624358
S310K,0.936331121944797
S310T,-1.01286409380402
S310W,2.28448630602008
A311D,-0.99754103136703
A311E,-0.702203689932352
A311F,-0.584789158491454
A311G,-0.202148993182037
A311I,0.15931117669921
A311K,-1.07849096647428
A311L,-0.991491639125739
A311M,-0.380888309111543
A311P,0.00482164100157767
A311Q,-0.359042258913383
A311R,-0.449279657175466
A311T,0.235956527702751
A311Y,-1.10865507302106
S312C,-1.01456139348226
S312F,-0.0293374002343334
S312G,-0.820573873615261
S312L,3.47129210687607
A313F,2.79868382492278
A313K,-0.679377073380763
A313L,-0.873959234899583
A313Q,-1.03885627575436
A313V,2.17040546969017
F314A,4.04886515511793
F314D,-0.90474719409373
F314E,-0.965348354493105
F314I,-0.047059309974984
F314K,-0.996640917620803
F314Q,1.05646712020423
F314S,0.195614822120571
F314Y,0.294274607775351
F315C,2.33927382865426
F315I,4.34817092182657
F315Q,0.31231541198793
F315R,-0.670073480791966
F315T,-0.750182025989605
F315V,-0.471340175583893
G316A,-0.907494223839024
G316C,0.36836258636254
G316E,-0.780115585183656
G316F,1.59217999508974
G316H,-0.57431349445851
G316I,0.746745013258024
G316L,-0.946796237075633
G316S,-0.478817352995549
G316V,-0.940898868853778
M317F,-0.874488489975726
M317I,0.70900959596396
M317P,2.31987917081574
M317Q,-0.768596938580993
M317V,-0.104319101826264
S318F,-0.664844144657994
S318G,-0.475249382584873
S318I,0.868501181485791
S318V,-0.86615278861305
S318W,-0.89101054530277
S318Y,0.616168359781445
R319D,-0.36659887451694
R319E,-0.51328323973269
R319I,0.482748977539648
R319K,-0.784587159967423
R319M,2.08719114133504
R319N,-0.677829787298654
R319Q,-0.120798830833293
I320F,-0.837820067275293
I320G,-0.652292202263845
I320L,6.32290489652554
I320M,-0.811437244114479
I320N,-0.859209368696864
I320Q,1.65655016039586
I320S,0.0876886095695971
G321C,0.188082269871636
G321D,6.32290489652554
G321E,-0.354150205269639
G321F,0.123524822128825
G321I,6.32290489652554
G321L,-0.509597478921589
G321M,0.8476420038639
G321N,-0.958010551551794
G321R,-0.578668611018401
G321T,-0.840448438414854
G321V,0.0475024022866334
M322C,0.41095037630965
M322F,-0.821492167408553
M322H,1.37518494126483
M322I,-0.596286759486103
M322R,1.60757435996707
E323C,-0.734487420967469
E323D,4.02245101228011
E323I,-1.01623912379162
E323M,-0.863097300517532
E323N,1.04404730520225
E323Q,-0.206581207557838
E323T,-0.914147088029718
E323Y,-0.633267581043079
V324A,-0.400807205914627
V324E,-0.795400626399469
V324F,-0.168095230927685
V324G,-0.230594028241639
V324L,-0.57891319867374
V324M,-1.01504549950676
V324N,-0.633060065271675
V324Q,-0.80773472120541
V324S,6.32290489652554
V324T,-0.619663261189831
V324W,-0.429716293338451
T325C,3.89584675577365
T325D,-1.02928918411891
T325F,3.41158805406885
T325I,1.61400985743699
T325K,-1.12544111247959
T325M,-0.739592306344895
T325Q,1.16873865179668
T325R,1.26654204230875
T325Y,-0.103152842398569
P326A,-1.05530877748318
P326D,-0.888658855228058
P326E,-0.669964133161352
P326G,-0.0508944865886025
P326K,-0.744721574800911
P326L,-0.981132571430993
P326R,0.283936119801463
P326S,-0.0274961251437074
P326W,-0.959428158802539
P326Y,-0.9276658805534
S327A,-0.291173825634306
S327C,-0.517249199292619
S327D,2.51335298256654
S327F,-1.06161229707995
S327G,-0.59934461202004
S327I,-0.776922913494623
S327K,-0.493400734409835
S327L,4.18398700722718
S327N,1.12652599484801
S327R,-0.76868655644758
S327T,-0.37245650361402
S327W,-1.07289747606247
G328C,-0.768321609077942
G328E,-1.06838778343618
G328I,-1.06593021516833
G328L,-0.206961664018415
G328M,-0.636267785874115
G328N,2.94847874126768
G328R,-0.50524511909289
G328S,-0.00538534462903101
G328V,-0.86372230831725
T329D,0.768120530962955
T329G,-0.982968853439722
T329I,-0.505629235771391
T329K,0.695912504179594
T329Q,-0.55547090047347
T329V,-1.02689004946003
T329Y,-0.86145956098808
W330C,-0.112471910697066
W330D,-0.195462692377806
W330G,3.86628179771139
W330H,-0.832598991299944
W330K,-0.751139501920386
W330M,-0.783166281754839
W330Y,-1.03065134995921
L331A,-0.733214833575801
L331D,-0.874887278417531
L331I,-0.612228481170447
L331K,1.23854747807835
L331R,-0.339424217848883
L331T,-0.947208706701333
L331V,-0.893172627749713
L331W,-0.216365532952874
T332C,-0.926439048707556
T332D,-0.402919092343821
T332H,-1.08620389630765
T332K,-0.154509730540141
T332L,1.60134469814983
T332M,-1.00178772010864
T332P,-0.890088843177141
T332Q,-0.793977449550038
T332R,-1.08512066881401
Y333D,-0.347071610394521
Y333E,-1.000716887781
Y333F,-0.537338956137376
Y333H,-0.922974677423478
Y333K,1.08941923027423
Y333M,-0.867389256680226
Y333Q,-0.522500579238037
T334E,0.978643753336325
T334G,2.80478280359451
T334I,-0.286657805377245
T334L,-0.584441519601402
T334M,-0.562542816526795
T334Q,-0.640934819127373
T334S,0.517570619628257
T334W,-0.564415140982974
G335C,-0.883822599376846
G335F,-0.602924363768635
G335H,-0.809084035407469
G335K,0.0737239614499742
G335L,3.53360233089618
G335P,2.1628280700525
G335Q,-0.634899509617587
G335S,-0.720170764217091
G335T,-0.886902526372664
G335W,-1.02796932208717
A336D,-1.04331585689478
A336G,-0.994338519380473
A336H,-0.450446461051406
A336K,-0.796403766208257
A336Q,-0.904079346483974
A336R,-0.481274088464233
A336W,-0.292625794969186
A336Y,-0.731709777633702
I337E,-0.704570977676282
I337F,2.02781577141021
I337M,-0.900507739419912
I337R,3.90266370756916
I337V,0.744044414171766
I337W,-0.354201908382011
K338A,3.11691741908269
K338E,-0.610517449578062
K338G,0.14719778860406
K338I,-1.01047682612835
K338Q,3.01571247748687
K338R,-0.0563354469437034
L339A,0.701385178490778
L339D,0.511470499409897
L339E,-0.888469832641986
L339G,2.61426209453899
L339H,-0.807878734946593
L339M,-0.560214867748818
L339N,-0.334822808262312
L339Q,-0.630574060238143
L339T,0.721079227105906
L339V,-0.714106162330462
D340C,-0.366609274646012
D340E,-0.373687423935064
D340F,-0.0485121321376485
D340K,-0.974188365087428
D340M,-0.448139158120375
D340Q,-0.731282494359224
D340Y,1.21006211891694
D341C,0.0329542841652474
D341H,-0.983934556353749
D341L,0.421382300333513
D341N,-0.0493666676984987
D341R,0.32661319633165
D341V,-0.928275369867504
K342C,-0.57737617527259
K342E,-0.741454167113338
K342F,-0.245786641621296
K342G,0.647654675681301
K342I,-0.784147198874135
K342M,0.481919834458352
K342T,-0.264768852242725
K342W,-0.702380962550953
K342Y,0.183885148721398
D343H,-0.428725484461787
D343K,0.699284541227803
D343L,0.19367251731411
D343T,0.291554619805419
D343W,2.73663840716468
P344D,-1.01997420192812
P344F,-1.04837218154021
P344G,0.131694345290734
P344K,-0.72105485424578
P344L,0.775901731910506
P344M,1.39579063247229
P344N,-0.0564378438469409
P344Q,-0.76868655644758
P344S,-0.423528096740553
P344T,0.0135885656296299
N345D,-0.764105938815775
N345E,0.520637567180901
N345S,-0.750643239048438
N345Y,1.88171578862227
F346H,-0.294986750371035
F346K,-0.629606989223951
F346N,-0.374254727500422
F346P,3.20268202368381
F346Q,1.02337086541221
F346S,-0.769562617298078
F346V,0.0221144811107386
K347C,-0.92464242015922
K347D,0.207696419060417
K347E,0.190083739172613
K347G,-0.523635580112784
K347M,0.188464655587743
K347N,-0.731743320032007
K347P,-0.889916478339205
K347Q,-0.502403555464793
K347S,-0.524297709461337
D348C,-0.468111539835768
D348E,-0.30180760775614
D348G,-0.671135993040061
D348H,-0.229466489906459
D348L,0.253922108147543
D348N,-0.861898366504139
D348R,-0.791621529750811
D348W,-1.04731593575633
D348Y,-0.026042977049015
Q349E,-0.937912492450516
Q349G,0.67925363972011
Q349H,-0.907543748565626
Q349M,-0.191069603125909
Q349T,-0.960012456833635
Q349W,0.0746525870787355
Q349Y,-0.962829722859694
V350A,-0.131316524637023
V350C,2.55415045850492
V350E,-1.07902441811581
V350F,0.0682054973924169
V350K,-0.837622134832262
V350L,4.1712137147237
V350M,3.80458344277895
V350T,-1.00770128067175
V350W,-0.214004627830159
I351A,0.125728828380875
I351D,-1.0057664165591
I351F,0.255882715984962
I351G,-0.840913516214202
I351H,-0.105293853110094
I351N,-0.786849678119444
I351P,-0.501992876597566
I351R,2.32836008952705
I351V,2.80243655427092
I351W,-0.450137291920972
I351Y,0.0457276377216727
L352A,-0.485517024598256
L352D,1.71744137534156
L352E,-0.619755266529257
L352K,0.924464566206198
L352M,0.104184725394836
L352R,-0.613416119484823
L352S,0.488531006334569
L352T,-0.453020142319999
L353A,0.19734434378895
L353E,0.680888715662585
L353I,-0.0439764298517092
L353M,1.96879897457757
L353N,4.15581523271736
N354A,-0.929809517037693
N354C,-0.247278530645054
N354E,2.17531564395667
N354F,-0.879807201962537
N354G,-0.972609867113032
N354H,-0.754692161525359
N354I,-0.787663298580736
N354L,0.297299459723638
N354M,-0.376569057606657
N354R,-0.11815312238314
N354S,0.629668414375848
N354T,-1.00833476710989
N354W,-1.03708556366087
K355C,-0.564166503958207
K355E,-0.963787930091642
K355H,-0.879773571577441
K355I,-0.644163934085689
K355L,1.1388396121764
K355M,-0.959256436379077
K355N,-0.918948841569423
K355Q,2.53703040365261
K355S,0.295225553093691
K355T,-0.99669117460332
K355V,-0.896172475061663
K355Y,-0.232993465330181
H356C,-1.05942130148018
H356I,-0.959367172292969
H356K,0.825540742332924
H356Q,-0.978223938098006
H356W,-0.561137248322906
I357A,-0.44015470680726
I357C,-0.0419572765131817
I357F,2.1857604709681
I357K,1.17137776658367
I357M,-0.864287726874505
I357N,-0.588461394030898
I357S,4.43886157224703
I357W,-0.791835100085748
D358G,0.196568778856973
D358K,0.35947179879304
D358M,-0.657800154135934
D358N,-0.969284529261365
A359F,0.0318877688479481
A359Q,-0.933933467933403
Y360C,1.70510579243835
Y360D,2.01683435420855
Y360N,-0.434994626700048
Y360P,0.673773872851732
Y360V,3.88610869186645
Y360W,-0.448825398628766
K361I,-0.794540954749866
K361L,1.6238752558135
K361N,-0.434230847144875
K361Q,-0.327343468717643
K361V,0.635203795486085
K361W,-0.792159092803837
K361Y,-0.699892684600909
T362F,-0.115795594255364
T362G,0.779245280704154
T362K,-1.04653605739829
T362L,-0.914417332335781
T362M,0.13190480407867
T362P,2.63838609914701
T362Q,-1.04195423014941
T362Y,-0.844122782131557
F363C,-0.482126328345985
F363E,-0.299390947622547
F363H,-1.0400618315967
F363N,2.89239322620888
F363S,-0.948700638217899
F363T,-0.966388264639798
F363V,0.95496312082972
F363W,-0.108732169258422
P364A,-0.880882615294393
P364C,0.892097216844493
P364E,-0.788884028324633
P364F,1.30630515779652
P364H,-0.852164030666928
P364I,-0.0797972597608407
P364K,-1.01893934841315
P364L,-0.91407843775918
P364M,2.09912729679133
P364N,-0.505741729759397
P364S,-0.413418267773299
P364V,-0.521766073394017
P364W,-0.443451407553525
P365C,2.3617625005043
P365E,-0.596740424300544
P365H,-0.716474201837681
P365M,4.22801554891883
P365N,1.56220757833697
P365T,-0.000431956664893422
P365V,1.52660761542557
T366A,0.603130884732324
T366C,0.0878576710878508
T366G,0.917108419033954
T366H,0.13190480407867
T366L,-0.481925194846659
T366Q,-0.310920276441764
T366W,2.15004850896244
E367D,1.12362253908923
E367F,-0.738772041266787
E367M,-0.427276727185425
E367N,3.95760519486909
E367S,0.304099932507954
E367V,0.455286462320888
E367W,-0.872936410285622
P368M,0.204748962175105
P368N,2.89801514754876
K369D,-0.746245876637313
K369E,2.40208442330304
K369F,-0.673238935138748
K369H,-0.470739098484426
K369I,1.56264473013534
K369L,0.798666578279795
K369M,0.657702458270991
K369N,4.24428510901772
K369P,1.51152427931906
K370C,4.10552977697663
K370D,-0.167512416256554
K370H,-0.633267581043079
K370Q,0.764951005896272
K370S,-1.06936861284555
K370T,-0.939730548318065
K370W,-1.07430232293491
D371F,0.357022700554986
D371H,-0.314324783641823
D371L,-0.0955258271549758
D371M,-0.63455644804566
D371Q,-1.0023518028656
D371R,1.1940465848722
D371S,0.510363899418346
D371V,0.319852183822214
K372A,-0.00592841131191671
K372D,6.32290489652554
K372F,3.74943903393637
K372H,-0.845454915087555
K372I,0.224442673452296
K372L,-0.621332974793863
K372M,-0.761190947125882
K372N,-0.000477535870149171
K372S,1.42958192181716
K372V,1.42677411491795
K372W,6.32290489652554
K373A,3.14604964794753
K373C,-0.865149063561658
K373D,3.3151001200653
K373H,-0.822920208051964
K373I,-1.00968914148345
K373M,2.64776965683944
K373S,1.6222734709705
K373T,2.3631298389869
K373W,2.42345232208808
K374A,-0.303574625964199
K374C,-0.624089280644214
K374L,6.32290489652554
K374M,6.32290489652554
K374P,0.476694129692961
K374R,-0.62498945021988
K374V,2.30410912171676
K374W,-0.861348075815875
K374Y,-0.594014733534003
K375C,4.45288563564865
K375D,0.948406894021145
K375F,-0.948472614691681
K375I,1.28538821183115
K375N,0.841181984423074
K375R,-0.500543446804399
K375T,3.20072162872357
A376C,0.647307334498355
A376D,0.000817969431350162
A376F,1.98928290700414
A376H,-0.627770150084955
A376K,-0.847532486007126
A376P,-0.455244717052244
A376Q,-0.62739708268487
A376T,-0.411533690501911
D377E,-0.621266152906481
D377G,-0.0230097869348291
D377K,1.26736818188257
D377L,0.00569737044067414
D377M,-0.684893427225459
D377N,-1.00896122458119
D377P,-0.0937973558250067
D377S,-0.910185656572855
D377T,1.92064680624768
D377V,-0.732187790097328
D377W,3.37751951860346
D377Y,0.0798404864611062
E378D,0.511193121264095
E378F,-1.00891835717389
E378G,-0.492353772363416
E378L,-0.484352962646435
E378M,-0.986134270603587
E378R,-0.828507555796694
E378S,-0.471476150520348
E378W,0.449371968421643
T379D,-0.191872688328169
T379G,-0.374728576790152
T379K,-0.486865995229242
T379N,0.641269245124564
T379Q,2.43948422499037
T379S,3.08328302286219
Q380C,-0.0824226120003231
Q380D,0.150572131027778
Q380I,1.09967581765846
Q380P,-0.620036491751026
Q380R,0.327211652039607
Q380S,-0.843885729885392
Q380V,-0.713495370831056
Q380Y,-0.894166377298871
A381C,2.7220170757665
A381G,1.00768647653213
A381M,0.633753968413905
A381N,0.431980125755174
A381T,0.140862337438511
A381V,-0.87035306899328
L382E,-0.67192802335807
L382K,-0.918317869160978
L382M,-0.787671938273887
L382N,-0.670011954753411
L382P,-0.51531050469333
L382S,-0.846439998300225
L382T,-0.84801823640886
L382Y,-0.210197863309414
P383D,1.35766445136362
P383E,-0.479257237722878
P383F,0.438641219447939
P383H,3.97113356301051
P383I,-0.723691530019198
P383N,-0.956893174942798
P383Q,-0.671888716558246
P383T,0.964586975128015
Q384D,-0.959825211310579
Q384E,2.2822147396773
Q384G,-0.420026189045161
Q384H,-0.821002967399513
Q384L,-0.987986866481895
Q384R,-0.44773094935761
Q384V,0.447627599230998
Q384Y,-0.561975960042289
R385A,-0.0446858829954188
R385D,-0.231099471992958
R385E,1.15815009326142
R385M,-0.9203624672864
R385N,1.2299527757023
R385Q,-0.142212684323934
R385T,-1.05085004066559
R385V,4.60954916096753
R385W,-0.920440160940127
R385Y,-1.03619014248271
Q386C,1.33355081885668
Q386D,-0.854602586493901
Q386F,-0.733144637173342
Q386M,0.368384368791104
Q386N,-0.58178780114459
Q386P,-0.5455822658198
Q386T,-0.853197889524581
Q386W,-0.48996521774288
Q386Y,-0.885112428279882
K387C,-0.471340175583893
K387F,0.302462537024524
K387N,-0.0945773759162781
K387P,0.967956166747347
K387Q,1.08904369984269
K388E,-0.425598347092415
K388F,2.07574903089591
K388H,5.57009400624821
K388I,-0.209980018530644
K388N,-0.161550686391639
K388P,0.533411539401172
K388Q,2.3372852814906
K388T,-0.233775082669297
K388W,-0.922487450411339
Q389C,-0.983000897186156
Q389E,-0.93515708474386
Q389G,1.48837356771776
Q389H,1.79218999422701
Q389I,-0.951292302917562
Q389R,-0.715820509159465
Q389T,-0.161052723014664
Q390F,2.85848391826463
Q390H,-0.845821674372344
Q390I,-0.698160808169849
Q390L,-1.03320418859636
Q390P,-1.00007119206659
Q390W,-0.909476461457336
Q390Y,-0.98052348706364
T391F,-0.321544140788905
T391L,-0.331113658670909
T391M,-0.798919027736044
T391S,0.208805731223444
V392C,-0.899331387226358
V392D,-0.704838128605362
V392G,2.39695981328513
V392L,-0.727107750336508
V392M,1.32457936195672
V392Q,-0.272105657449386
V392S,-0.163984033813543
V392W,2.05231630014522
V392Y,3.57522461259618
T393A,-0.0448228613895709
T393G,0.577414743373785
T393H,-0.567414615662039
T393L,1.30682492293867
T393Q,-0.835496452376442
T393S,-0.186908417449758
L394F,-0.405359792224268
L394I,-0.36979364583812
L394K,-1.10518013755163
L394N,-0.571490708224951
L394P,1.18957167658082
L394Q,1.68948022975978
L394S,0.94393319488652
L394T,-0.0328703804909424
L394V,-0.7043870811027
L394Y,0.465037291599204
L395A,-0.52371795689131
L395C,-0.816840217065663
L395D,-0.77009069287488
L395K,-0.946302004328119
L395M,-0.99727599156859
L395S,-0.878968793446621
L395T,0.82218764156561
L395W,-0.992979426056911
P396D,0.537504150709885
P396E,-0.97782101939823
P396H,-0.38966160360216
P396N,0.421442821967818
P396R,1.44840316099367
P396V,-1.0245952540996
A397C,-0.353822557550333
A397K,6.32290489652554
A397L,-0.786188782375173
A397N,-0.612403385562345
A397P,1.56216569594122
A397T,0.301143741518158
A397V,5.57478554515489
A397W,-0.611894460926419
A397Y,2.3119169479696
A398D,4.82393545327162
A398E,0.196825850135308
A398L,-0.706875898274788
A398Q,-0.0871800264741053
A398S,-0.919593583446706
A398T,2.57513385888716
A398W,4.95502218277274
D399A,2.9850387371659
D399E,-0.428307034442814
D399H,-0.778911854351646
D399I,-0.308804023949685
D399K,3.04250990839061
D399L,-0.187302305767879
D399N,-0.535002831216365
D399P,0.332352757043593
D399R,-1.00924805240701
D399S,0.924464566206198
D399V,-0.925172944172113
D399Y,-0.0642739074585639
L400A,-0.629022316584185
L400D,-0.701460255229779
L400M,-0.00849723384409847
L400V,-0.922344513311946
L400W,3.51301930179146
L400Y,-0.380369844567133
D401F,0.29729766303348
D401H,-0.747905278823937
D401K,0.329841304689243
D401N,0.828020718503804
D401Q,-0.876233449122338
D401S,-0.972818753866149
D401T,0.931947990454725
D401Y,1.34994068311045
D402E,-0.963546719639864
D402F,1.12563417233707
D402H,0.483706157287889
D402I,-0.892841094820017
D402L,0.363358322280317
D402M,0.988099686225575
D402P,0.454959313144295
D402Q,-0.0325211866447352
D402R,-0.556870450825261
D402T,-0.534787254643942
D402W,-0.139692663820365
D402Y,-0.460799393758564
F403C,-1.01928776808069
F403D,-0.6647119672956
F403E,-0.786453603209342
F403H,-0.465157637444963
F403L,-0.428725484461787
F403M,0.149466684848991
F403Q,-0.782679075849908
F403R,0.375548305499866
F403T,-0.736226412935959
F403V,0.508239096821114
F403Y,-0.998469970092156
S404A,-0.861736120958169
S404E,0.619871604987363
S404H,2.98120138171543
S404I,3.39533974595628
S404K,0.277533994601393
S404Q,0.202949358483918
S404V,-0.204988467116863
K405A,2.24147629481079
K405C,-0.575471432867668
K405F,-0.796747026224862
K405G,-0.808599063771337
K405H,-0.0206023153983059
K405I,2.74150398593118
K405M,0.485132887896166
K405N,0.0727296554085628
K405P,2.26601580372572
K405T,-0.192428948135717
K405Y,-0.601955790535323
Q406C,-1.05694910021646
Q406F,-0.815184968501296
Q406R,-0.892911632115523
Q406S,-0.649900131726
Q406Y,0.85270738602972
L407A,-0.102115504735397
L407C,-0.790085798504489
L407E,-0.522706677720239
L407G,3.80004102801436
L407I,-0.303535393425844
L407P,-0.0970034032078655
L407W,-0.489226284848255
Q408C,1.52491209891728
Q408G,4.15715916567013
Q408K,-0.523440138919316
Q408L,2.76097121713791
Q408N,4.32695563405156
Q408S,-0.612568648171642
Q408V,-0.614030446729166
Q408W,1.09185682443353
Q409D,-0.751700597383072
Q409F,0.594082400965187
Q409G,0.17195715242088
Q409N,-0.425591527069017
Q409P,-0.781547846595185
Q409R,1.15245765657703
Q409T,-0.786392545570103
S410D,0.129308400532444
S410H,-0.0016673123786014
S410K,2.54807858122123
S410L,1.91040880742404
S410M,-0.304760537993016
S410P,1.49490180535873
S410Q,0.147434372287217
S410W,-0.577463565401407
S410Y,3.33014536171258
M411A,-0.852470043444833
M411D,-1.05544321264146
M411G,-0.754576437382885
M411H,0.791286835379035
M411W,-0.601915316505285
S412A,-0.347839701322915
S412F,2.25013583193694
S412G,0.236108257998364
S412I,-0.0947900992541804
S412N,-0.0408489798052697
S412Q,-0.675977941114743
S412T,-0.0832893378194823
S412W,1.8967351293507
S413D,-0.775015083023859
S413G,3.00444458278132
S413M,-0.816260312563584
S413R,-0.968836091979783
A414F,-0.951545770456573
A414I,-0.775313130528361
A414K,1.29803682294429
A414P,1.81916706809577
A414S,1.41816637705594
A414T,-0.548077027406819
A414Y,-0.743970867908592
D415A,-0.729624994616167
D415C,1.46787334193345
D415H,-0.09399901396725
D415K,2.06012529678346
D415N,6.32290489652554
D415V,1.21181134882117
S416A,0.963969282230351
S416C,-0.329844210890156
S416D,-1.03059206155525
S416E,0.037081322761362
S416G,0.0773012884568315
S416K,-0.314542741864081
S416M,-0.727591140329726
S416N,-1.04168637258322
S416P,0.387799816627271
S416R,3.62681653609859
S416W,-0.176755657345021
S416Y,3.42982704324675
T417C,-0.843899898999798
T417E,0.0407596975501842
T417H,0.940275498005154
T417I,-0.216365532952874
T417K,-0.919873055966787
T417M,-0.551282875226087
T417N,0.685799953322552
T417V,-0.651730658593385
T417W,1.00148191197262
Q418C,-0.795410972668418
Q418E,-0.325869517727684
Q418K,-0.64209452489502
Q418R,-0.139034776125269
Q418S,-0.966846340817602
Q418V,-0.756609363670924
Q418W,-1.06037003316789
A419I,-0.366429500281929
A419K,1.15081977329357
A419M,1.50189997756896
